INDEX,DCOP,VENDOR_LOT,DATE_TIME,Device,PART_NO,VENDOR_CODE,APPHA_TEST,B_POD_2,B_POD_3,B_VIA_L12,B_VIA_L23,B_VIA_L34,B1C_WIDTH,BUMP_OP_D,C_BX1,C_BY1,C4_COPLAN,C4_HEIGHT,C4_VOID,CU_L1,CU_L2,CU_L3,CU_L4,CU_ROUGHNE,CZ_EA_1,D_PX1,D_PY1,HD_DIAMETE,HOL_SHIFT,HP_HOLE,INS_L12,INS_L23,INS_L34,L_LENGTH,L_T_L_REG,M_BALL_POD,M1_T_S,OS_BUMP,OSP_T,P1C_TRACE,PIN_HOLE_S,POP_P_POD,PX_UNIT,PY_UNIT,R_SHIFT,RD,S_WARPAGE,S1_TRACE,SM_B_SHT_X,SM_B_SHT_Y,SM_B_THICK,SM_T_SHT_X,SM_T_SHT_Y,SM_T_THICK,SMCR_MTK_A,SMCR_MTK_E,SMEAR_RSD,SR_M_DAM_H,SR_M_DAM_S,SR_M_DAM_W,SR_U_CU,T_S_THICK,T_VIA_L12,T_VIA_L23,T_VIA_L34,T1_WIDTH,TO_YIEL,VIA_VOID,VOID_CU_P,VOID_CU_W,W_WIDTH,IsolationForest predur
22,V_MTK_MFC1,Q52209032601,20220408,23D,1227199102,ZDT,0.002,0.0015,0.0035,-3.3,-1.52,-2.16,1.8,1.54,0.002,0.001,10.18,-8.144,5.44,1.1,2.32,2.8,2.02,-0.043,-0.193,0.002,-0.002,-0.0315,-0.008,0.051,0.84,1.52,0.84,0.059,51.32,0.005,0.88,6.105,-0.047,-0.05,0.068,0.0025,-0.0005,0.0105,4.8,0.75,0.12,-0.32,15.66,14.13,-2.3,7.98,9.88,-0.08,2.13,5.4,22.5,-1.18,-0.011,0.008,9,0.0185,2.26,1,1.02,-0.18,-6.03,9,14.84,40.76,0.058,-1
13,V_MTK_MFC1,A66-FL2000FC,20220421,23D,1227199101,KIT,,0.0005,-0.0015,3.083,0.4,1.2,1.68,-0.54,0.001,0,1.61,0.951,7.5,1.82,-1.44,-1.96,-0.26,-0.058,-0.123,0.006,0.004,-0.0125,0.047,0.026,2,2.02,1.96,0.0275,7.5,-0.001,3.624,6.815,-0.06,-0.41,0.049,0.0035,0.0045,0.0035,4.904,0.03,1.139,-1,15.2,15,0.54,8.69,9.65,0.52,2.5,6.5,20.096,-2.03,-0.001,-0.006,7.894,-0.0075,7.55,3.633,5.283,1.06,-11.87,9,16.004,46.204,0.021,-1
14,V_MTK_MFC1,A66-FL2000FE,20220421,23D,1227199101,KIT,,-0.0015,-0.0025,-0.683,2.65,-1.233,0.92,-0.24,0.003,-0.003,1.27,1.682,7.5,0.48,-1.84,-1.68,0.48,-0.041,-0.123,0.007,0.006,-0.0045,0.022,0.025,2.94,3.46,3,0.0205,30.5,-0.001,5.756,5.935,-0.074,-0.05,0.065,0.0035,0.0005,0.0025,5.244,-0.75,1.046,-0.6,15.6,16.4,0.24,7.81,9.25,-1.32,0.5,6.4,22.5,-2.56,-0.004,-0.004,7.896,-0.0015,3.783,7.567,5.267,0.76,-12.49,9,16.918,42.492,-0.002,-1
12,V_MTK_MFC1,A66-FL2000FB,20220422,23D,1227199101,KIT,,-0.0005,0.0005,-0.25,-0.8,-1.3,-1.24,-0.67,0,0.002,6.59,,7.5,-1.13,0.06,0.72,-1.51,-0.11,-0.123,0.006,0.004,0.003,0.034,-0.016,0.77,0.34,0.62,-0.012,32.5,-0.001,4.346,-0.9,-0.062,1.01,-0.005,0.0045,-0.001,-0.005,5.342,-0.49,-0.1,1.5,16.8,15.6,1,9.15,9.25,-0.68,2.4,6,15.59,0.355,0,-0.001,7.704,0.002,4.15,1.2,4.483,-0.97,-9.36,9,17.252,42.856,-0.021,-1
21,V_MTK_MFC1,A66-FL200FBA,20220422,23D,1227199101,KIT,,-0.0015,-0.0005,1.333,0.017,-1.617,-1.52,-0.65,0.001,0.001,5.79,,7.5,0.49,0.02,1.32,0.11,-0.086,-0.123,0.005,0.005,0.004,0.042,-0.01,0.43,-0.76,-0.78,-0.008,32.5,-0.003,4.924,-1.04,-0.056,1.49,0.005,0.0035,-0.002,-0.001,5.258,-0.57,-0.116,1.06,17,15.4,0.46,9.29,8.25,-0.38,2.4,6,22.5,0.765,0,-0.001,7.84,0.001,6.983,5.633,5.633,-0.57,-0.81,9,16.906,45.23,-0.014,-1
25,V_MTK_MFC1,Q52213019901,20220502,23D,1227199102,ZDT,0.002,0.0025,0.0035,-4.1,-4.86,-3.12,1.82,0.3,0,-0.001,12.468,2.42,4.96,-0.46,1.24,-0.84,0.36,-0.095,0.037,0.001,-0.001,-0.0365,0.045,0.053,0.82,1.6,2.64,0.091,48.58,0.004,2.38,6.495,-0.013,0.41,0.068,-0.0015,-0.0035,0.0085,5.18,0.77,-0.204,1.18,13.7,15.74,0.48,8.37,9.4,-3,2.77,5.18,22.5,-0.82,-0.01,0.005,9,0.0105,0.8,0.42,0.66,-0.56,-13.82,9,14.82,39.3,0.076,-1
15,V_MTK_MFC1,A66-FL2000FF,20220506,23D,1227199101,KIT,,-0.0015,-0.0025,-0.233,0.933,1.25,-1.14,-0.71,-0.003,0.002,-0.61,0.373,7.5,0.31,1.82,2.04,0.93,-0.098,-0.123,0.006,0.006,-0.004,0.048,-0.021,-1.85,-1.28,-1.26,-0.027,44.5,-0.004,6.984,0.3,-0.046,0.43,-0.002,0.0045,-0.002,-0.004,4.974,-0.37,-0.196,0.34,17.4,16,1.32,7.95,9.25,-0.14,2.4,4,22.5,2.035,0.004,-0.003,8.442,0.002,7.4,5.05,2.55,-0.49,-12.38,9,14.624,45.76,-0.011,-1
23,V_MTK_MFC1,Q52212019201,20220508,23D,1227199102,ZDT,0.002,0.0035,0.0005,-4.12,-3.62,-1.1,-0.03,-0.54,-0.003,0,-0.032,1.188,-0.26,0.4,0.16,-0.08,1.4,-0.039,0.067,-0.002,0.002,0.005,0.029,-0.003,1.67,-0.1,1.16,0.039,54.28,0.006,2.48,-1.905,-0.02,0.41,0.068,-0.0035,0.001,0,5.22,0.51,-0.042,1.28,15,13.22,0.38,10.08,10.13,-2.08,2.99,5.46,22.5,-0.66,-0.015,0.006,8.44,0.0125,0.16,0.9,3.4,-0.03,-13.34,9,16.5,38.66,0.065,1
24,V_MTK_MFC1,Q52212019301,20220509,23D,1227199102,ZDT,0.002,0.0065,0.0005,-3.72,-3.96,-4.46,0.51,-3.16,-0.001,0.001,6.274,2.232,0.06,-0.64,0.68,0.56,0.6,-0.021,0.067,-0.005,0.001,0.002,0.04,0.012,1.81,0.04,0.92,0.084,55.84,0.007,2.2,-0.585,-0.028,0.09,0.068,-0.0045,0.006,0,4.9,0.51,-0.21,1,16.18,13.62,-0.8,8.76,9.89,-2.1,2.35,6.41,22.5,-0.76,-0.011,0,9,0.0135,1.56,2.04,2.92,0.31,-16.27,9,16.64,40.06,0.059,-1
26,V_MTK_MFC1,Q52214046301,20220510,23D,1227199102,ZDT,0.002,0.0025,0.0035,-5.7,-3.04,-2.78,-0.01,-0.44,-0.002,0,1.252,2.586,-0.92,-0.42,1.64,0.2,0.18,-0.099,0.077,-0.004,0.005,0,0.022,0.002,0.13,0.36,-0.64,,52.04,0,1.48,0.335,-0.033,-0.71,0.068,-0.0045,0.007,0,4.66,-0.05,0.924,0.28,17.61,16.61,-1.9,7.84,9.37,-1.4,1.71,5.07,22.5,-1.7,-0.006,0.005,9,0.0125,0.26,0.12,4.68,0.27,-10.56,9,14.96,38.76,0.055,-1
18,V_MTK_MFC1,A66-FL2000FJ,20220512,23D,1227199101,KIT,,-0.0005,0.0005,0.467,1.217,2.25,-0.12,0.87,-0.003,0.006,-8.13,-7.07,7.5,0.35,1.06,1.44,-0.61,-0.118,-0.123,0.005,0.004,-0.001,0.013,-0.012,-1.63,-1.78,-1.1,0.004,44.5,-0.001,5.462,-2.22,-0.05,0.33,-0.004,0.0045,-0.001,-0.004,5.288,-0.37,-0.08,0.02,16.6,14.6,0.54,10.47,9.45,-0.68,0.7,6,21.048,2.805,-0.011,-0.004,8.336,0.001,3.317,4.767,5.75,-0.09,-12.1,9,14.834,42.484,-0.012,1
16,V_MTK_MFC1,A66-FL2000FG,20220513,23D,1227199101,KIT,,-0.0025,-0.0015,-1.067,-2.267,-2.017,-1.28,-1.41,-0.002,0.004,-7.05,-5.088,7.5,-0.93,1.04,2.1,-0.81,-0.101,-0.123,0.007,0.006,-0.001,0,-0.018,-1.13,-0.2,-0.72,-0.024,56.5,-0.001,4.868,-1.78,-0.02,0.49,-0.001,0.0045,-0.002,-0.002,5.254,-0.25,-0.314,1.4,16,13.6,0.42,10.03,10.05,0.24,3.2,6,21.858,-0.17,-0.003,-0.002,8.132,0.005,6,2.783,4.167,-1.25,-5.12,9,15.318,44.682,-0.026,-1
17,V_MTK_MFC1,A66-FL2000FH,20220515,23D,1227199101,KIT,,-0.0005,-0.0015,-1.567,3.267,0.817,-1.42,0.05,-0.002,0.002,-7.51,-5.39,7.5,-0.67,1.08,1.26,-0.23,-0.114,-0.123,0.005,0.003,0.003,0.031,-0.014,-1.53,-0.88,-1.24,0.005,46.5,-0.002,6.356,-1.6,-0.03,1.03,0.004,0.0045,0,-0.001,5.33,-0.07,0.115,1.28,15.8,16.4,1.54,9.85,9.25,-0.18,0.7,6,22.204,0.38,0.002,-0.002,7.73,-0.002,2.7,5.467,5.6,-0.57,-10.22,9,14.946,41.636,-0.012,1
19,V_MTK_MFC1,A66-FL2000FK,20220603,23D,1227199101,KIT,,0.0085,0.0085,1.783,2.683,-1.067,-0.42,1.01,-0.001,-0.003,-8.23,-6.036,7.5,-0.51,1.9,3.12,-0.05,-0.078,-0.123,0.003,0.002,0.001,0.01,-0.036,-1.25,-1.58,-2.1,-0.015,53.5,0.01,5.204,-1.88,-0.07,-0.55,0.021,-0.0005,-0.001,-0.003,5.322,-0.45,-0.12,2.04,15.4,12.8,0.88,10.13,9.25,0.22,0.7,6,22.5,1.185,-0.007,0,7.724,-0.002,5.417,5.85,2.867,-0.05,-12.48,9,15.212,44.4,-0.03,-1
31,V_MTK_MFC1,Q52215030901,20220608,23D,1227199102,ZDT,0.002,0.0025,0.0045,-3.54,-3.78,-3.8,1.17,0.12,-0.005,0,2.514,0.57,0.64,-0.02,1.28,1.4,1.38,-0.031,0.067,-0.002,0.003,0.015,0.02,-0.042,1.35,0.36,0.56,0.029,55.66,0.007,1.1,-1.505,-0.022,-0.17,0.068,0.0025,-0.005,-0.009,5.08,-0.29,1.05,-0.1,16.04,15.13,0.24,9.68,10.12,-2.74,1.89,6.48,22.5,-1.26,-0.005,0.003,7.92,0.0125,-0.38,1.14,1.76,0.59,-11.32,9,16.18,38.12,0.036,1
32,V_MTK_MFC1,Q52215031001,20220608,23D,1227199102,ZDT,0.002,0.0025,0.0035,-3.86,-4.36,-3.84,0.07,-0.84,0.001,0,4.414,0.414,2.2,-2,0.04,-0.86,0.24,-0.031,0.067,-0.002,0.002,0.013,0.017,-0.019,0.13,0.56,-0.42,0.049,53.88,-0.001,2.18,-0.985,-0.01,0.11,0.068,0.0015,-1.78E-15,-0.007,4.84,0.81,0.96,0.98,16.83,16.62,-2.62,9.16,9.75,-0.68,5.21,6.09,22.5,-0.48,-0.01,0.005,9,0.0075,2.14,4.66,2.54,-0.05,-10.34,9,14.96,40.64,0.032,1
27,V_MTK_MFC1,Q52215007501,20220613,23D,1227199102,ZDT,0.002,-0.0065,-0.0005,0.92,-2.36,-4.96,0.37,0.52,-0.003,-0.002,5.304,1.516,-0.86,-0.42,1.74,0.56,0.46,-0.021,0.067,-0.001,0.004,0.003,0.04,0.006,-0.91,-1.78,-0.8,0.014,53.3,0.007,1.62,-1.125,-0.02,0.15,0.068,-0.0015,0.002,-0.001,5.02,-0.25,1.26,0.42,15.79,16.26,-1.38,9.3,9,-0.34,2.33,6.36,22.5,-0.58,-0.006,0.001,9,0.0095,5.26,2.02,0.52,0.05,-11.21,9,13.92,43.76,0.064,1
30,V_MTK_MFC1,Q52215030801,20220613,23D,1227199102,ZDT,0.002,0.0025,0.0035,-3.5,-4.6,-4.94,-0.63,-0.04,-0.001,-0.001,2.156,0.558,1.66,-1.58,-0.08,-0.84,-0.3,-0.057,0.067,-0.001,0.003,-0.001,0.011,-0.029,0.49,0.54,-0.66,0.059,54.84,0.001,1.74,-0.075,-0.033,0.49,0.069,0.0015,-0.002,-0.009,4.56,1.05,0.85,0.54,17.48,15.25,-2.36,8.25,9.51,-2.5,0.82,6.07,22.5,-0.82,-0.003,0.004,9,0.0075,5.64,0.52,-0.86,-0.05,-10.1,9,15.32,44.14,0.031,1
33,V_MTK_MFC1,Q52215031101,20220619,23D,1227199102,ZDT,0.002,0.0035,0.0055,-5,-4.08,-5.84,0.21,0.78,-0.001,0.001,1.088,0.408,0.78,-1.3,0.12,-0.6,0.9,-0.061,0.077,-0.002,0.003,-0.002,0.014,-0.023,1.67,0.42,0.24,0.04,52,0.002,1.98,-0.415,-0.033,-0.09,0.068,0.0015,0.002,-0.004,4.72,0.59,0.78,0.78,15.87,15.8,-3.26,8.59,10.12,-3,0.61,6.48,22.5,-1.68,-0.007,0.007,9,0.0105,1.02,2.8,1.8,-0.15,-11.36,9,16.5,39.52,0.019,1
28,V_MTK_MFC1,Q52215030501,20220629,23D,1227199102,ZDT,0.002,0.0035,0.0065,-5.32,-7.2,-5.68,0.65,-0.66,-0.001,0.001,2.372,0.724,0.82,-0.48,0.04,-0.42,1.14,-0.019,0.067,-0.001,0,0.019,0.014,-0.033,0.93,0.48,0.44,0.036,53.38,0.003,2.42,-1.245,-0.05,0.09,0.068,0.0025,-0.002,-0.008,5,0.33,-0.1,1.22,16.18,16.48,-1.64,9.42,9.62,-2.74,2.45,-5.31,22.5,-1.28,-0.004,0.006,9,0.0105,0.24,-1.16,-0.88,-0.05,-12.99,9,15.76,38.74,0.031,1
29,V_MTK_MFC1,Q52215030701,20220629,23D,1227199102,ZDT,0.002,0.0085,0.0005,-2.1,0.02,-1.72,0.41,-2.82,-0.003,0.001,2.888,0.682,0.26,-0.48,0.8,-1.12,0.1,-0.071,0.067,-0.001,0,0,0.006,-0.03,-0.65,-0.5,-1.84,0.062,50.14,0.005,1.64,-2.525,-0.02,0.35,0.068,-0.0015,-0.001,-0.005,5.1,0.37,-0.05,0.44,16.39,17.22,-1.98,10.7,8.94,0.76,2.54,1.79,22.5,-0.54,-0.011,0.003,9,0.0095,3.4,5.52,1.68,0.23,-13.34,9,14.18,42.76,0.002,1
39,V_MTK_MFC1,Q52230030901,20220901,23D,1227199102,ZDT,0.002,0.0055,0.0015,-3.74,-3.72,-9.08,-0.09,-2.06,-0.002,-0.003,-4.61,2.792,-0.72,-1.54,0.68,0.3,-0.58,-0.075,0.057,-0.002,0.001,0.008,-0.01,-0.045,-0.03,0.42,0.12,0.032,51.56,0.001,2.16,-0.555,-0.02,0.23,0.068,-0.0045,-0.003,-0.008,4.92,0.47,1.162,0.96,15.37,17.22,-1.98,8.73,9.42,-2.76,-8.25,6.3,22.5,-0.88,-0.009,0.007,6.38,0.0025,0.42,2.4,6.26,0.09,-10.78,9,14.8,38.92,0.002,1
36,V_MTK_MFC1,Q52230030601,20220906,23D,1227199102,ZDT,0.002,0.0095,0.0025,-5.018,-3.118,-10.806,-0.33,-1.22,-0.001,-0.003,-4.382,3.206,-0.58,-1.938,0.19,0.476,0.002,-0.073,0.077,-0.001,0.001,0.019,-0.009,-0.053,0.74,-0.084,-1.026,0.014,56.596,0.001,2.242,-0.205,-0.013,0.65,0.068,0.0015,-0.003,-0.009,5.02,0.526,0.54,1.042,16.01,16.31,-1.668,8.38,9.29,-2.86,-2.18,-4.83,22.5,-0.87,-0.006,0.002,8.388,0.0075,-1.068,-0.522,7.456,0.172,-7.32,9,15.57,37.432,0.008,1
43,V_MTK_MFC1,Q52231002601,20220906,23D,1227199102,ZDT,0.002,-0.0015,0.0065,-3.086,-3.086,-10.466,-0.76,1.536,-0.004,0.001,-4.674,2.462,-0.14,-1.892,0,0.466,-0.822,-0.069,0.067,-0.003,0,0.018,-0.004,-0.048,-1.438,-1.422,-2.068,0.015,55.304,0.01,1.284,-0.504,-0.036,0.79,0.068,-0.0005,-0.002,-0.009,5.02,0.532,1.078,-0.106,16.857,15.809,-2.382,8.679,8.298,-1.72,-3.66,-0.77,22.5,0.094,-0.01,0.011,7.426,0.0045,0.594,0.312,9.752,0.222,-9.42,9,13.392,39.094,0.012,1
34,V_MTK_MFC1,Q52230030401,20220911,23D,1227199102,ZDT,0.002,0.0045,0.0055,-5.48,-2.48,-10.72,0.522,3.412,-0.002,0,-5.532,1.614,0.78,-0.03,0.2,0.66,1.128,-0.067,0.077,-0.001,-0.001,0.015,0.025,-0.02,-1.162,-1.704,-1.6,0.012,48.588,0.003,2.088,-0.585,-0.014,1.37,0.068,0.0015,-1.78E-15,-0.003,4.88,0.412,1.36,0.888,13.501,16.181,-2.05,8.76,9.622,-2.094,-4.27,6.07,22.5,-1.048,-0.001,0.003,7.928,0.0075,0.28,2.44,7.38,0.056,-10.56,9,13.668,38.78,0.054,1
35,V_MTK_MFC1,Q52230030501,20220911,23D,1227199102,ZDT,0.002,-0.0025,0.0055,-4.114,-4.298,-0.842,-0.312,0.094,-0.002,-0.001,-4.188,2.308,-0.08,-1.516,-0.186,-0.558,-1.29,-0.079,0.067,0.001,0.001,0.008,-0.009,-0.05,-2.186,-1.7,-2.16,0.029,53.168,0.009,1.246,-1.36,-0.019,0.078,0.068,0.0015,-0.004,-0.008,4.18,0.534,0.336,0.046,16.19,16.381,-1.732,9.535,9.63,-2.936,-7.89,2.73,22.5,-0.592,-0.005,0.006,7.952,0.0055,-0.528,-1.558,0.406,-0.144,-9.44,9,12.644,37.972,0.02,1
40,V_MTK_MFC1,Q52231002301,20220911,23D,1227199102,ZDT,0.002,-0.0035,0.0065,-1.402,-0.934,-7.946,-0.722,-1.528,-0.003,0.001,-5.186,1.848,3.4,0.116,1.884,-0.104,1.82,-0.081,0.077,-0.001,0.002,0,0,-0.047,-2.372,-2.356,-2.346,0.05,54.294,0.008,1.694,-2.028,-0.037,0.604,0.068,-0.0035,-0.006,-0.009,4.8,-0.252,1.044,0.494,15.429,15.428,-3.598,10.203,10.393,-2.746,-4.87,6.31,22.5,-0.554,-0.008,0.007,8.064,0.0045,4.612,3.208,7.04,0.156,-11.11,9,12.458,43.112,0.003,1
44,V_MTK_MFC1,Q52231002801,20220916,23D,1227199102,ZDT,0.002,0.0005,0.0095,-2.952,-2.382,-3.522,0.598,3.328,-0.002,-0.001,-4.998,1.442,1.74,1.306,2.186,1.578,1.662,-0.079,0.067,-0.001,0.002,0.025,0.028,-0.018,-1.07,-1.416,-2.076,0.007,52.248,0.006,2.204,-1.066,-0.036,0.414,0.068,0.0025,-1.78E-15,-0.002,4.18,0.64,1.258,1.004,13.691,16.181,-1.382,9.241,7.994,-2.192,-2,6.47,22.5,-1.522,-0.011,0.004,8.008,0.0085,-1.118,3.74,16.88,0.362,-8.53,9,13.76,37.382,0.055,1
37,V_MTK_MFC1,Q52230030701,20220917,23D,1227199102,ZDT,0.002,0.0115,-0.0085,-2.762,-2.096,-7.238,0.29,-0.886,-0.006,0,-4.404,2.442,-0.3,-1.032,0.882,-1.2,-0.658,-0.065,0.057,-0.002,0,-0.001,-0.008,-0.043,0.836,-0.466,-0.55,0.032,55.148,0.009,0.942,-0.779,-0.017,0.222,0.068,-0.0025,0.001,-0.006,5.2,-0.7,0.656,-0.258,16.468,16.372,-1.096,8.954,10.197,-1.236,-2.3,6.49,22.5,-0.856,-0.006,0.006,8.886,0.0125,-1.022,1.356,9.452,0.248,-10.88,9,15.666,37.478,0.024,1
42,V_MTK_MFC1,Q52231002501,20220917,23D,1227199102,ZDT,0.002,-0.0015,0.0055,-4.392,-0.562,-7.104,-1.134,-1.026,-0.004,0,-4.608,1.616,0.02,-1.238,0.188,-0.654,-0.448,-0.061,0.077,-0.005,0.003,0.002,-0.001,-0.051,-0.97,-1.7,-1.04,0.015,55.13,0.009,1.132,-0.505,-0.017,0.83,0.068,0.0005,-0.004,-0.011,5.18,0.084,-0.156,-0.068,16.761,16.477,-1.728,8.68,10.488,-3.216,-1.64,5.58,22.5,-0.18,-0.009,0.005,8.626,0.0015,0.126,0.408,8.07,0.044,-17.34,9,13.86,38.626,-0.011,1
38,V_MTK_MFC1,Q52230030801,20220918,23D,1227199102,ZDT,0.002,-0.0035,0.0045,-6.354,-3.176,-10.746,-0.536,-0.538,-0.004,-0.004,-5.194,2.314,1.34,-0.674,0.654,0.094,-0.448,-0.043,0.077,-0.002,0.001,-0.005,-0.004,-0.045,-1.25,-1.234,-1.598,0.074,56.538,0.009,1.172,-1.266,-0.039,0.642,0.068,0.0025,-0.003,-0.007,4.8,0.046,0.302,-0.028,15.905,16.858,-2.01,9.441,8.582,-2.748,-7.15,-2.48,22.5,-0.89,-0.003,0.005,8.214,0.0045,-0.994,0.126,6.202,-0.068,-9.98,9,13.58,37.506,0.03,1
41,V_MTK_MFC1,Q52231002401,20220918,23D,1227199102,ZDT,0.002,0.0035,0.0025,-3.628,-0.26,-8.724,0.01,-1.06,-0.002,-0.001,-2.808,2.42,1.74,-2.874,-0.38,-0.38,-1.204,-0.049,0.057,-0.003,0.001,0.004,-0.013,-0.052,-1.012,-0.008,-1.148,0.034,56.672,0.001,2.502,-1.205,-0.018,0.55,0.068,-0.0045,-0.001,-0.007,4.8,0.524,1.032,1.036,15.5,16.31,-2.204,9.38,9.93,-2.668,-7.61,-4.53,22.5,0.292,-0.004,0.006,7.432,0.0075,0.14,0.62,7.45,0.052,-9.23,9,13.818,38.64,0.026,1
47,V_MTK_MFC1,Q52233015001,20220923,23D,1227199102,ZDT,0.002,-0.0015,0.0045,-2.572,-4.574,-10.286,-0.36,-0.89,-0.004,0,-5.102,0.682,1.56,-0.51,0.38,-0.762,0.856,-0.071,0.087,-0.002,0,-0.002,-0.013,-0.063,0.74,-0.37,-1.122,-0.01,53.924,0.009,2.24,-0.683,-0.017,1.332,0.068,0.0015,-0.003,-0.009,4.78,-0.43,-0.218,1.04,16.564,16.66,-3.286,8.858,9.05,-1.81,-8.24,6.47,22.5,-1.06,-0.003,0.006,9,0.0095,-1.212,-2.168,8.116,0.132,-5.21,9,15.57,37.288,-0.02,1
46,V_MTK_MFC1,Q52233014901,20220925,23D,1227199102,ZDT,0.002,-0.0035,0.0055,0.668,-4.096,-8.762,0.216,2.034,-0.003,-0.001,-4.41,2.484,3.28,-0.492,0.738,-1.022,1.628,-0.081,0.117,-0.002,0,0.005,-0.011,-0.057,-0.022,0.202,1.548,0.028,49.074,0.008,1.898,-1.065,-0.05,0.986,0.068,0.0005,-0.002,-0.011,4.84,-0.354,1.09,0.698,16.948,16.181,0.998,9.24,9.142,-3.142,-3.46,6.3,22.5,-1.136,-0.011,0.007,8.506,0.0095,2.118,0.024,8.406,-0.672,-13.3,9,14.808,40.618,0.003,1
48,V_MTK_MFC1,Q52233015101,20220925,23D,1227199102,ZDT,0.002,0.0075,0.0075,-4.298,-2.99,-9.534,-0.456,0.264,0,-0.001,-4.954,1.222,0.72,-1.142,0.374,0,0.018,-0.057,0.087,-0.001,0.003,0.012,-0.018,-0.056,-0.69,-0.952,-0.758,-0.005,54.01,0.001,0.684,0.084,-0.029,0.14,0.068,-0.0025,-0.004,-0.009,5.12,0.422,1.19,-0.516,17.043,17.042,-2.198,8.091,8.857,-2.652,-0.18,6.49,22.5,-0.186,-0.006,0.007,7.726,0.0065,-1.182,-1.182,8.724,0.568,-8.13,9,14.14,37.318,-0.005,1
49,V_MTK_MFC1,Q52233015301,20220927,23D,1227199102,ZDT,0.002,-0.0015,0.0065,-1.522,-1.332,-11.524,-0.36,-1.668,-0.006,0,-4.46,-2.188,2.5,0.442,0.476,-0.19,1.334,-0.095,0.107,-0.001,-0.001,0,-0.011,-0.058,0.074,0.582,0.212,-0.021,51.832,0.009,2.434,-0.491,-0.048,0.716,0.068,-0.0055,-0.003,-0.011,4.34,-0.086,-0.114,1.234,15.799,16.086,-2.714,8.666,8.188,-2.856,-7.61,6.49,22.5,-0.6,-0.002,0.004,9,0.0105,1.834,2.12,7.93,0.21,-5.99,9,14.904,40.334,0.011,1
1,V_MTK_MFC1,A66-FL200002,20221002,23D,1227199101,KIT,,-0.0015,-0.0005,-0.383,1.083,-0.267,-2.3,0.27,0.001,0.003,-10.39,-6.647,7.5,-0.11,0.78,0.24,-0.53,-0.116,-0.123,-0.001,0.001,-0.002,-0.003,-0.017,-1.25,-0.78,-0.12,-0.037,53.5,-0.001,6.178,-0.08,-0.052,1.63,-0.005,0.0005,-0.001,-0.002,5.214,-0.11,-0.03,1.5,15.6,17,0.12,8.33,9.05,-0.5,0.1,6.5,22.5,0.585,-0.01,0.007,7.586,0.001,4.65,4.05,4.633,-0.69,-10.77,9,15.222,43.082,-0.019,1
11,V_MTK_MFC1,A66-FL20001A,20221003,23D,1227199101,KIT,,0.0025,0.0025,0.133,2.717,-4.433,0.08,0.47,0.012,0.004,-8.35,-6.608,7.5,0.39,2.54,2.76,0.61,-0.111,-0.123,0,0.002,-0.001,0.039,0.021,-1.85,-1.98,-2.34,0.007,56.5,0.002,5.324,-2.02,-0.068,-0.09,-0.002,-0.0015,0.004,0.004,5.042,-0.61,-0.347,0.96,16.8,15.8,0.16,10.27,9.45,-1.08,0.1,6.5,21.796,1.965,-0.01,-0.006,7.936,-0.007,4.633,3.917,0.267,-1.03,-12.41,9,14.612,42.79,0.055,-1
51,V_MTK_MFC1,Q52235017601,20221005,23D,1227199102,ZDT,0.002,0.0045,0.0015,-3,-3.77,-9.686,0.386,-1.712,-0.003,-0.001,-4.602,2.592,1.16,-1.524,1.204,-0.236,-0.482,-0.045,0.087,-0.002,0.003,0.005,-0.005,-0.046,-0.532,-0.778,0.582,0.03,46.516,0.006,2.082,0.037,-0.014,-0.264,0.068,-0.0005,0.003,-0.005,5.24,-0.088,0.45,0.882,17.283,16.036,-1.818,8.138,9.193,-1.756,4.77,5.7,22.5,-1.868,-0.01,0.002,9,0.0105,0.428,2.306,6.634,0.242,-6.54,9,14.298,38.928,0.018,1
0,V_MTK_MFC1,A66-FL200001,20221006,23D,1227199101,KIT,,-0.0005,0.0005,-0.917,-0.9,2.1,-2.3,2.57,0.004,0.004,-8.99,-6.622,7.5,0.37,0.3,1.02,-1.05,-0.116,-0.123,0.001,0.001,0.004,-0.001,-0.009,-1.61,-0.08,-1.88,-0.041,48.5,0,6.31,-0.92,0.002,1.69,-0.006,0.0015,-0.001,-0.004,5.06,-0.11,-0.145,2.26,15.6,17.4,1.2,9.17,8.45,0.12,1.2,-0.1,22.5,2.54,-0.01,-0.009,8.038,-0.002,1.383,5.917,6.683,-1.63,-12.35,9,14.868,40.744,-0.039,-1
2,V_MTK_MFC1,A66-FL200003,20221006,23D,1227199101,KIT,,-0.0015,-0.0025,-1.017,-0.433,5.533,-1.9,-2.57,-0.002,0.003,-8.95,-6.917,7.5,0.29,1.82,2.66,0.41,-0.114,-0.123,-0.001,0.002,0,-0.013,-0.024,-1.41,-1.02,-1.02,-0.034,58.5,-0.001,5.032,-0.7,0.004,1.29,-0.003,0.0015,-0.003,-0.003,4.698,-0.43,-0.11,1.72,16.4,16.8,0.82,8.95,9.25,0.22,0.1,6.5,22.5,1.045,0.004,0,8.07,-0.001,6.6,2.483,7.15,-1.01,-10.15,9,15.328,45.6,0.007,1
3,V_MTK_MFC1,A66-FL200004,20221006,23D,1227199101,KIT,,-0.0005,-0.0015,-3.183,0.033,1.45,-2.82,0.59,-0.003,0.001,-8.35,-5.573,7.5,-0.31,1.74,2.18,0.07,-0.115,-0.123,-0.003,0.003,-0.001,0.044,0.017,-2.73,-2,-2.32,0.006,58.5,-0.001,4.002,-1.26,-0.06,1.09,0.011,0.0025,0.001,0.005,4.878,0.01,0.035,1.44,16.8,15.8,0.74,9.51,9.25,-0.2,1.2,-0.1,22.5,1.635,0.004,0,8.338,-0.002,4.317,2.7,1.65,-0.45,-8.93,9,13.738,42.256,-0.009,1
45,V_MTK_MFC1,Q52233014801,20221006,23D,1227199102,ZDT,0.002,-0.0065,0.0005,-2.432,-2.992,-11.59,-0.798,-1.54,-0.003,0,-4.19,2.328,3.06,0.638,0.234,0.498,1.222,-0.085,0.057,0,0.001,0.005,0.002,-0.053,-1.25,-0.952,-0.946,0.053,50.55,0.002,1.17,-1.551,-0.029,0.418,0.068,-0.0035,-0.005,-0.01,4.66,0.046,1.08,-0.03,15.332,15.713,1.728,9.726,10.013,0.148,-0.92,6.48,22.5,-1.378,-0.008,0.004,8.438,0.0095,2.184,0.874,4.8,-0.22,-13.7,9,13.58,40.684,-0.008,1
52,V_MTK_MFC1,Q52235017701,20221006,23D,1227199102,ZDT,0.002,0.0045,0.0045,-3.812,-2.094,-10.618,-0.128,1.796,-0.005,0,-4.172,2.312,1.1,-0.05,1.33,0.984,2.064,-0.003,0.087,-0.003,0,0.013,-0.002,-0.046,-0.114,2.106,-0.978,0.007,55.736,0.008,1.896,-2.214,-0.048,0.12,0.068,0.0025,-0.004,-0.009,5.08,-0.104,1.21,0.696,15.702,15.797,-3.142,10.389,9.479,-3.426,-6.95,4.58,22.5,0.068,-0.011,0.008,8.31,0.0085,-2.358,0.358,7.358,-0.022,-6.54,9,14.716,36.142,-0.002,1
53,V_MTK_MFC1,Q52235017801,20221010,23D,1227199102,ZDT,0.002,0.0025,0.0065,-2.904,-1.856,-9.76,-0.148,2.33,0,-0.001,-3.928,3.058,1.22,-0.662,1.844,1.02,0.88,-0.001,0.087,-0.002,0,0.018,-0.011,-0.055,0.408,0.63,-0.596,-0.008,53.502,0.01,1.934,-1.064,-0.048,0.368,0.068,0.0015,-0.004,-0.007,5.06,0.258,1.11,0.734,15.559,15.319,-3.144,9.239,9.289,-2.572,4.75,5.43,22.5,-0.484,-0.01,0.008,8.254,0.0075,-1.502,0.786,7.69,-0.116,-7.34,9,15.238,36.998,-0.01,1
60,V_MTK_MFC1,Q52235035501,20221010,23D,1227199102,ZDT,0.002,0.0085,0.0085,-1.962,-2.804,-9.252,-0.762,-0.34,-0.002,0,-4.922,1.876,0.9,-0.864,0.186,0.186,0.486,-0.063,0.107,-0.004,0.002,0.002,0.005,-0.045,0.152,-0.954,-1.04,0.043,54.104,0.001,1.434,-1.932,-0.017,0.116,0.068,-0.0025,0.002,-0.007,5.22,0.646,1.104,0.234,16.381,16.857,-1.45,10.107,9.916,-2.934,-6.75,6.48,22.5,-0.654,-0.008,0.007,9,0.0035,0.22,0.688,6.296,-0.22,-6.17,9,14.982,38.72,0.056,1
63,V_MTK_MFC1,Q52235035801,20221013,23D,1227199102,ZDT,0.002,0.0075,-0.0085,-3.388,-2.904,-3.05,0.444,1.06,-0.002,0.001,-5.37,2.194,0.62,-0.306,2.334,2.008,2.742,-0.079,0.107,-0.002,0.003,-0.001,0.001,-0.035,-0.242,-0.492,-1.634,0.018,49.022,0.011,0.154,-1.543,-0.016,0.234,0.068,-0.0015,-0.002,-0.007,4.5,0.048,1.012,-1.046,16.037,15.366,0.248,9.718,10.149,-2.524,-4.15,0.23,22.5,-1.464,-0.013,0.006,9,0.0095,0.524,2.16,-0.244,0.76,-8.48,9,14.588,39.024,0.017,1
6,V_MTK_MFC1,A66-FL200007,20221015,23D,1227199101,KIT,,0.0005,0.0015,-1.1,0.15,-1.217,0.56,0.99,-0.002,0.002,-8.71,-4.197,7.5,-0.47,1.44,1.28,-0.87,-0.114,-0.123,0.001,0.002,0.014,0.042,0.022,-2.31,-1.58,-1.42,0.005,56.5,0.002,5.896,-0.42,0.008,-0.01,0.002,0.0045,0.003,0.005,4.812,-0.57,-0.203,0.32,17.2,14.8,0.76,8.67,10.05,0.26,-1.9,6.4,22.5,1.485,-0.003,-0.003,7.312,0,0.483,3.35,2.483,-0.07,-8.93,9,14.146,40.374,0.014,1
7,V_MTK_MFC1,A66-FL200008,20221015,23D,1227199101,KIT,,-0.0015,-0.0025,-1.967,-0.417,-2.067,-1.54,-1.55,-0.002,0.002,-8.67,-6.099,7.5,-0.33,0.7,0.74,-0.83,-0.114,-0.123,0,0.002,-0.001,0.041,0.037,-0.81,-1.78,0.1,0,58.5,-0.002,4.566,-1.04,-0.06,1.31,-0.002,0.0015,0.004,0.006,5.082,-0.23,-0.19,1.76,14.4,16.6,-0.38,9.29,9.85,-0.14,-1.9,6.4,21.806,1.35,0.008,-0.002,8.054,0.001,2.667,3.6,1.567,-0.71,-2.11,9,15.668,40.626,0.031,-1
56,V_MTK_MFC1,Q52235035101,20221015,23D,1227199102,ZDT,0.002,0.0055,0.0055,-3.12,-3.86,-11.08,0.33,3.7,-0.002,0,-4.638,1.744,0.2,1.28,1.16,0.18,0.94,-0.039,0.057,0,0.003,0.009,0.012,-0.037,-0.65,-0.38,-2.36,0.057,56.52,0.003,1.88,-2.325,-0.039,0.29,0.068,0.0005,-1.78E-15,-0.009,4.02,0.77,0.128,0.68,16.88,16.83,-2.62,10.5,10.08,-1.04,-2.35,6.25,22.5,1.68,-0.01,0.004,9,0.0095,1.9,2.8,3.16,-0.25,-8.14,9,14.18,40.4,0.016,1
57,V_MTK_MFC1,Q52235035201,20221015,23D,1227199102,ZDT,0.002,0.0045,0.0015,-2.618,-0.426,-9.572,0.1,-0.722,-0.002,-0.002,-4.58,2.372,0.26,0.156,0.192,-0.618,-0.902,-0.051,0.107,0,0,-0.001,0.001,-0.031,0.168,0.298,-1.266,0.021,53.304,0.003,2.144,1.76,-0.037,0.238,0.068,-0.0035,-0.004,-0.009,4.76,0.088,-0.16,0.944,13.98,17.093,-0.76,6.415,9.336,-1.808,-4.11,5.85,22.5,0.43,-0.011,0.004,9,0.0115,-0.164,2.402,6.074,0.094,-9.43,9,14.998,38.336,0.018,1
61,V_MTK_MFC1,Q52235035601,20221015,23D,1227199102,ZDT,0.002,0.0065,0.0075,-4.6,0.38,-5.72,0.07,1.42,-0.001,-0.002,-1.39,1.622,2.5,0.46,2.1,0.48,1.08,-0.051,0.107,-0.001,0.001,0.008,0.008,-0.032,-0.53,-1.54,-1.96,0.026,53.64,0.004,1.68,-2.695,-0.039,0.13,0.068,-0.0005,-0.002,-0.006,4.14,0.43,0.118,0.48,15.37,17.09,-1.58,10.87,8,-1.72,-4.77,6.08,22.5,0.96,-0.011,0.004,9,0.0095,0.92,6,10.26,-0.01,-7.22,9,14.3,39.42,0.021,1
62,V_MTK_MFC1,Q52235035701,20221015,23D,1227199102,ZDT,0.002,0.0095,-0.0145,-2.954,-0.742,-3.53,-0.206,3.282,0,0,-3.472,2.77,0.62,0.362,2.544,1.856,2.954,-0.071,0.057,-0.001,0.002,0.005,0.01,-0.036,-1.156,-1.598,-2.498,-0.023,49.162,0.005,1.072,-0.06,-0.017,-0.166,0.068,0.0005,-0.001,-0.006,4.16,0.564,1.016,-0.128,15.126,16.468,0.392,8.235,7.995,-1.756,-4.54,5.23,22.5,-1.694,-0.007,0.006,8.236,0.0095,-0.87,2.688,0.334,0.436,-7.25,9,13.674,37.63,0.037,1
50,V_MTK_MFC1,Q52235017401,20221016,23D,1227199102,ZDT,0.002,0.0065,0.0075,-3.832,-1.776,-8.504,-0.95,-0.304,-0.001,-0.001,-4.626,2.764,0.88,-0.208,0.466,0.562,0.768,-0.029,0.057,-0.001,0.001,0.015,-0.002,-0.048,0.618,-0.578,-1.974,0.028,47.466,0.001,0.834,-2.409,-0.034,0.456,0.068,-0.0005,0.001,-0.007,5.1,0.232,1.098,-0.366,17.048,16.381,-0.512,10.584,10.392,-2.746,4.86,6.39,22.5,-1.31,-0.007,0.009,9,0.0035,0.5,0.874,8.912,0.23,-7.43,9,15.448,39,0.033,1
55,V_MTK_MFC1,Q52235018001,20221016,23D,1227199102,ZDT,0.002,0.0085,0.0085,-6.726,-4.204,-8.786,-0.012,4.976,-0.001,-0.001,-4.704,2.976,0.96,0.166,2.52,2.24,2.264,-0.041,0.057,-0.002,0,0.017,0.006,-0.036,-0.878,-2.262,-1.974,0.038,56.322,0.005,1.434,0.448,-0.014,-0.334,0.068,0.0055,-1.78E-15,-0.006,5.26,0.046,-0.082,0.234,16.476,16,-1.452,7.727,8.584,-3.028,-7.45,6.47,22.5,-1.828,-0.005,0.006,9,0.0085,0.22,1.622,4.426,0.008,-8.05,9,13.952,38.72,0.037,1
5,V_MTK_MFC1,A66-FL200006,20221020,23D,1227199101,KIT,,-0.0005,-0.0005,-0.2,-4.95,0,-2.08,4.13,-0.001,0.005,-10.13,-6.194,7.5,-0.13,0.9,0.44,-0.99,-0.113,-0.123,-0.001,0,-0.001,0.04,0.015,-1.65,-1.92,-0.94,0.03,56.5,0,6.078,-1.5,-0.064,1.19,0.005,0.0035,0.004,0.006,5.288,-0.23,-0.098,1.84,16.4,16.8,1.7,9.75,10.05,-0.54,5.7,6.4,22.5,1.815,-0.008,0.006,8.01,0.001,5.55,2.433,2.95,-1.21,-9.61,9,14.8,43.918,-0.015,-1
9,V_MTK_MFC1,A66-FL200011,20221020,23D,1227199101,KIT,,-0.0015,-0.0015,-1.533,-2,-0.283,-0.08,-0.93,-0.003,0.002,-8.25,-4.206,7.5,-0.11,1.52,1.74,-1.83,-0.115,-0.123,0,-0.001,0.012,0.04,0.021,-1.37,-2.46,-1.52,0.028,58.5,-0.001,5.516,-1.72,-0.06,0.25,-0.006,0.0025,0.003,0.004,4.44,-0.21,-0.16,0.6,15.8,17,0.48,9.97,8.65,-0.54,5.7,6.5,22.5,1.525,0.003,-0.002,7.96,-0.001,4.283,-0.433,4.5,-0.21,-8.31,9,15.106,42.722,-0.035,1
20,V_MTK_MFC1,A66-FL20011A,20221020,23D,1227199101,KIT,,-0.0015,0.0005,-2.467,1.4,0.717,-0.88,-1.03,-0.001,0.003,-7.97,-5.741,7.5,0.41,3.12,2.26,0.19,-0.114,-0.123,0,0.002,0,0.041,0.025,-1.13,-1.42,-1.36,-0.002,57.5,0,5.212,-0.16,-0.062,0.79,-0.001,0.0025,0.004,0.005,4.384,-0.61,-0.157,0.06,15.2,16.2,0.78,8.41,8.05,-0.68,-1.9,6.5,21.944,1.49,0.001,-0.002,8.186,0.002,2.7,5.65,5.067,-0.43,11.75,9,15.32,40.848,0.013,-1
54,V_MTK_MFC1,Q52235017901,20221020,23D,1227199102,ZDT,0.002,0.0065,0.003,-1.662,0.091,-9.686,-0.662,-0.828,-0.002,0,-3.896,1.19,1,-0.754,-0.216,-0.644,-1.686,-0.093,0.016,-0.001,0.001,0,0.005,-0.039,-0.626,0.522,-1.344,0.068,-0.664,0.001,-0.816,-1.161,-0.01,0.81,0.068,-0.002,-0.001,-0.005,0.198,0.578,1.102,-0.801,-0.651,0.335,-2.636,-0.295,-1.034,-3.052,1.63,0.76,22.5,0.595,-0.005,0.003,-0.474,-0.001,-1.64,2.788,7.402,0.199,-8.52,9,-0.456,-2.522,0.005,1
58,V_MTK_MFC1,Q52235035301,20221020,23D,1227199102,ZDT,0.002,0.0065,0,1.506,0.471,-4,0.178,-2.062,-0.004,0,-4.338,0.3,-1.16,-0.272,0.348,-0.166,-0.762,-0.053,0.036,-0.003,0.002,0.011,0.005,-0.031,0.454,1.156,-0.076,0.024,3.384,0.004,0.546,-2.024,-0.016,-0.01,0.068,-0.003,-0.002,-0.006,0.38,-0.296,-0.084,0.561,1.406,-0.671,-0.38,-1.158,1.695,-1.952,-4.99,0.33,22.5,1.023,-0.002,-0.001,2.098,0.003,1.69,2.594,9.308,0.089,-6.89,9,0.624,0.808,0.039,1
59,V_MTK_MFC1,Q52235035401,20221020,23D,1227199102,ZDT,0.002,0.0055,0.004,-1.676,-2.239,-9.532,-0.858,-0.744,-0.004,0.002,-3.02,0.388,0.52,-1.608,-0.138,-0.392,-1.85,-0.083,0.036,-0.002,0.004,0.005,0.01,-0.032,0.714,-0.112,-0.946,0.072,-1.128,0,-0.376,-1.064,-0.011,0.656,0.068,-0.001,-0.002,-0.003,0.94,1.058,1.168,-0.361,1.885,-0.624,-0.512,-0.198,-1.035,-2.654,-4.71,0.73,22.5,0.177,0,-0.001,-0.474,-0.004,-1.836,0.686,8.348,-0.039,-11.41,9,0.884,-2.718,0.037,1
70,V_MTK_MFC1,Q52238007001,20221020,23D,1227199102,ZDT,0.002,0.0005,-0.006,0.41,-0.053,-3.714,0.12,2.692,-0.004,-0.001,-3.208,1.856,-1.06,0.312,1.236,1.264,1.072,0.005,-0.004,-0.001,-0.002,0.008,0.005,-0.033,0.502,-0.848,-2.072,0.028,3.336,0.009,0.24,-2.358,0.016,0.526,0.068,0.003,-0.002,-0.007,0.58,0.084,1.052,0.255,-0.653,-0.718,-1.38,-1.492,-0.938,-2.62,-0.67,0.76,22.5,0.231,0.001,0.002,0.502,-0.001,-1.642,1.262,-0.69,-0.483,-6.87,9,0.672,-2.524,0.021,1
65,V_MTK_MFC1,Q52238006501,20221021,23D,1227199102,ZDT,0.002,-0.0015,0.004,-1.77,-1.867,-9.998,-0.95,0.098,-0.003,-0.002,-3.186,-0.512,-0.52,-1.424,-0.326,-0.864,-0.448,-0.051,0.036,0.001,0.001,0.009,0.004,-0.037,-0.036,-1.046,-2.066,0.017,-1.026,0.009,0.412,-1.551,-0.005,0.94,0.068,0.001,-1.78E-15,-0.008,0.74,0.836,0.036,0.427,-1.182,0.132,-3.414,-0.685,0.486,-2.374,-4.78,0.64,22.5,0.389,0.004,0.004,-0.474,-0.003,-2.212,-0.992,6.11,0.037,-6.48,9,0.134,-3.094,0.018,1
4,V_MTK_MFC1,A66-FL200005,20221024,23D,1227199101,KIT,,-0.0005,-0.0005,-4.45,0.65,2.167,0.06,-0.69,-0.002,0.004,-9.69,-4.331,7.5,-0.47,1.02,2.16,-0.99,-0.116,-0.123,0.001,0.003,0.02,0.041,0.027,-1.15,-1.76,-0.68,-0.002,55.5,0,5.064,-1.18,-0.054,0.21,-0.009,0.0055,0.003,0.005,5.264,-0.31,-0.14,0.1,17,17,0.18,9.43,7.65,-0.8,5.7,6.4,22.5,1.715,-0.002,-0.005,8.098,0.001,3.05,4.833,5.517,-0.61,1.45,9,15.326,41.182,0.023,1
8,V_MTK_MFC1,A66-FL200009,20221024,23D,1227199101,KIT,,0.0005,0.0005,0.633,4.167,1.383,-0.44,2.01,0.011,0.006,-6.51,-5.322,7.5,0.33,1.76,1.46,-1.03,-0.114,-0.123,0.001,0.003,0.014,0.039,0.028,-0.75,-0.38,-0.96,-0.002,54.5,0,6.686,-0.48,-0.058,0.51,0,0.0075,0.003,0.007,4.952,-0.55,-0.105,0.32,16.2,16,1.08,8.73,8.85,0.4,-1.9,6.5,22.5,1.475,-0.012,-0.006,7.282,-0.004,4.567,5.9,4.067,-1.05,-8.43,9,15.716,42.866,-0.01,-1
10,V_MTK_MFC1,A66-FL200016,20221024,23D,1227199101,KIT,,-0.0005,0.0005,-1.833,2,-1.067,-1.22,0.39,-0.001,0.002,-8.99,-5.196,7.5,-0.15,1.54,1.46,-0.49,-0.119,-0.123,0.001,0.002,-0.003,0.046,0.022,-1.31,-1.26,-0.84,0.023,52.5,-0.001,4.67,-1.98,-0.064,0.89,0.005,0.0035,0.003,0.006,5.118,-0.59,-0.046,0.6,16.6,16.6,1.46,10.23,9.65,0.56,-0.9,-0.4,22.5,2.515,-0.004,-0.003,7.862,-0.001,3.2,5.75,3.583,-0.91,-4.69,9,15.166,41.674,0.035,1
66,V_MTK_MFC1,Q52238006601,20221024,23D,1227199102,ZDT,0.002,0.0105,0.004,-0.928,-0.651,-12.058,-0.312,0.716,0,-0.002,-3.918,0.556,-0.54,-1.048,0.42,-0.21,-0.916,-0.033,-0.004,-0.001,0.001,0.006,0.001,-0.04,0.712,-1.42,-0.29,0.035,4.018,0,-0.676,1.21,-0.021,-0.222,0.068,0.001,-1.78E-15,-0.008,0.3,0.534,1.174,-0.661,-1.279,1.181,-1.26,2.076,0.296,-3.028,-0.89,0.4,22.5,1.019,-0.003,0.002,-0.474,-0.004,-2.024,1.154,5.546,0.299,-6.32,9,0.882,-2.906,0.027,1
67,V_MTK_MFC1,Q52238006701,20221024,23D,1227199102,ZDT,0.002,-0.0015,0.005,-1.024,0.191,-10.56,-0.798,1.79,-0.007,-0.002,-2.908,1.742,0.08,-1.516,-0.886,0.35,-0.914,-0.045,0.056,-0.002,0.003,0.008,0.003,-0.033,-0.502,-0.954,-1.318,0.054,-1.596,0.01,0.114,-2.218,0.021,0.23,0.068,0.003,-1.78E-15,-0.006,0.52,0.682,0.07,0.129,-0.803,-1.2,-1.728,-1.352,-0.277,-3.12,-3.2,0.25,22.5,0.465,0.006,0.003,-0.474,-0.001,-0.438,0.126,7.32,0.189,-6.99,9,-0.332,-1.32,0.042,1
69,V_MTK_MFC1,Q52238006901,20221024,23D,1227199102,ZDT,0.002,0.0045,0.002,1.22,-0.467,-9.062,0.664,-1.536,-0.002,0.003,-3.338,0.6,2.32,-0.786,-0.694,-0.106,0.434,-0.081,-0.004,-0.003,0.002,0.018,0.01,-0.035,-0.412,-2.45,-3.186,0.057,-2.9,0.007,0.448,-0.218,-0.021,-0.184,0.068,0,0.002,-0.006,0.44,-0.44,1.006,0.463,1.864,0.895,-2.852,0.648,1.724,-1.72,-1.75,0.64,22.5,-0.323,-0.01,0.003,-0.474,-0.005,-1.464,-0.716,7.696,-0.225,-6.46,9,-0.242,-2.346,0.053,1
77,V_MTK_MFC1,Q52238014501,20221024,23D,1227199102,ZDT,0.002,0.0035,0.003,-0.924,0.291,-11.768,0.326,-1.484,0,-0.001,-4.224,0.176,3.44,0.076,-0.804,0.304,0.698,-0.025,0.036,-0.002,0.001,0.014,0.007,-0.034,0.898,-0.484,-0.57,0.024,-2.344,0.009,0.374,0.353,-0.002,-0.222,0.068,0.001,0.002,-0.006,0.86,-0.104,1.074,0.389,0.055,-0.344,-0.234,1.219,-0.941,-4.43,4.71,-8.84,22.5,-1.259,-0.008,0.004,-0.474,-0.003,-2.494,1.718,4.976,-0.075,-6.73,9,1.068,-3.376,0.019,1
64,V_MTK_MFC1,Q52238006401,20221027,23D,1227199102,ZDT,0.002,0.0075,0.003,4.004,0.041,-8.6,-0.19,2,-0.004,-0.003,-5.02,-2.77,-0.14,-0.38,0.74,0.212,1.24,-0.009,0.046,-0.001,0,0.011,0.004,-0.034,-0.43,-1.02,-1.18,0.045,-2.688,0.004,-0.792,2.175,-0.008,0.53,0.068,0.001,-0.001,-0.009,1.02,0.67,0.9,-0.777,-0.585,-0.862,-2.22,3.041,-1.15,-2.24,-5.44,0.3,22.5,1.631,-0.003,0.003,-0.474,0.003,3.14,2.28,8.5,0.431,-8.37,9,-0.26,2.258,0.051,1
75,V_MTK_MFC1,Q52238014301,20221027,23D,1227199102,ZDT,0.002,0.0065,-0.001,0.41,1.569,-8.382,0.674,-1.076,0,-0.002,-2.858,-0.02,-0.2,-0.702,0.536,0.836,-0.382,0.033,0.046,-0.002,0.001,0.002,0.012,-0.04,0.074,-0.372,-1.694,0.039,-3.512,0.005,0.318,1.328,-0.01,-0.084,0.068,-0.001,-0.002,-0.007,1.24,0.602,-0.22,0.333,-0.796,0.335,-1.286,2.194,0.498,-1.998,-2.54,0.44,22.5,-1.167,-0.002,-0.001,-0.474,0.002,1.454,0.692,8.404,-0.025,-4.66,9,0.244,0.572,0.034,1
73,V_MTK_MFC1,Q52238014101,20221028,23D,1227199102,ZDT,0.002,-0.0035,0.002,0.316,0.331,-8.856,-0.816,0.736,-0.002,-0.001,-3.364,-1.784,-1.1,-0.32,1.108,1.594,1.428,-0.051,0.066,-0.001,0.003,0.008,0.007,-0.026,-0.022,-1.322,0.212,0.047,6.096,0.008,-0.676,-1.828,0.011,1.142,0.068,-0.002,-0.002,-0.006,0.14,0.22,1.126,-0.661,-0.987,-1.007,1.478,-0.962,3.083,-2.478,-6.66,-6.87,22.5,-0.575,0,0.001,0.942,0.001,1.928,3.358,7.168,0.013,-9.39,9,0.148,1.046,0.057,1
74,V_MTK_MFC1,Q52238014201,20221028,23D,1227199102,ZDT,0.002,0.0055,0.001,1.268,1.947,-6.382,0.674,-0.89,-0.004,-0.001,-4.886,-0.632,-0.1,0.536,0.728,1.024,-0.092,-0.017,0.076,-0.003,0.001,0.005,0.005,-0.038,0.552,-0.656,0.592,0.051,0.384,0.002,0.088,-0.203,-0.011,-0.198,0.068,0,-1.78E-15,-0.006,-0.12,0.068,-0.29,0.103,-0.412,0.43,-1.286,0.663,-1.322,-2.192,-3.5,0.4,22.5,0.357,0,-0.002,-0.474,0.003,1.07,2.12,11.262,0.473,-6.89,9,0.722,0.188,0.047,1
76,V_MTK_MFC1,Q52238014401,20221028,23D,1227199102,ZDT,0.002,0.0075,0.003,0.598,1.053,-6.946,-0.014,3.522,-0.003,0.001,-3.858,-0.214,-0.54,0.35,1.518,1.23,1.392,0.007,0.006,-0.001,0.003,0.002,0.013,-0.029,-1.348,-1.356,-2.882,0.06,-3.116,0.003,-1.198,2.909,-0.011,0.024,0.068,0.004,0.001,-0.006,1.22,-0.222,-0.14,-1.183,-0.557,-0.047,-2.202,3.775,1.023,-3.004,-2.28,0.72,22.5,-0.711,-0.003,0.003,-0.474,0.002,0.428,4.852,8.46,0.813,-6.66,9,-1.178,-0.454,0.032,1
78,V_MTK_MFC1,Q52238014601,20221028,23D,1227199102,ZDT,0.002,0.0065,0.001,3.078,2.711,-6.668,0.292,-0.444,-0.005,-0.002,-2.908,-0.126,-0.26,-0.32,1.492,1.69,0,-0.001,-0.004,-0.001,0.002,0.005,0.013,-0.035,-0.402,-0.846,-1.882,0.062,-0.568,0.004,-0.064,0.085,0.011,-0.236,0.068,-0.001,0.001,-0.007,-0.24,-0.046,-0.14,-0.049,-1.18,0.239,-1.57,0.951,0.496,-2,-2.84,0.69,22.5,0.733,-0.002,-0.001,-0.474,0.005,2.312,1.166,10.596,0.549,-8.28,9,-0.232,1.43,0.031,1
68,V_MTK_MFC1,Q52238006801,20221029,23D,1227199102,ZDT,0.002,0.0065,0,1.36,-0.145,-10.382,-0.168,-3.59,-0.004,0,-1.696,-1.348,0.2,-0.89,-0.224,0.452,-0.668,-0.027,0.066,-0.002,0.003,0.005,0.006,-0.036,0.552,0.488,0.024,0.058,8.29,0.003,0.242,-1.063,0.008,0.068,0.068,-0.006,-0.002,-0.008,-0.02,0.408,-0.2,0.257,-0.126,-1.197,0.048,-0.197,-0.556,-1.05,-2.2,0.47,22.5,0.545,0.003,-1.39E-17,-0.474,0.003,-0.072,0.976,7.262,0.471,-5.44,9,0.722,-0.954,0.045,1
94,V_MTK_MFC1,Q52239003201,20221101,23D,1227199102,ZDT,0.002,0.0055,0.003,2.648,1.211,-11.35,-0.034,0.732,-0.001,0,-4.596,-1.338,-0.06,-1.354,0.87,0.8,0.816,0.005,0.066,-0.001,0.004,0.012,0.002,-0.038,0.816,-0.056,-2.354,0.064,6.83,0.003,-0.988,4.297,0.012,-0.05,0.068,0.002,0.001,-0.007,0.62,0.522,0.062,-0.973,-0.127,0.67,-2.346,5.163,0.211,-2.476,-2.55,0.71,22.5,-0.423,-0.001,0.002,-0.474,0.003,0.41,3.138,5.068,0.277,-6.81,9,0.986,-0.472,0.046,1
72,V_MTK_MFC1,Q52238014001,20221103,23D,1227199102,ZDT,0.002,-0.0065,-0.001,0.068,-0.533,-5.214,-1.046,-1.736,-0.003,-0.001,-3.194,0.5,1.86,0.35,1.47,2.58,1.488,-0.037,0.076,-0.002,0.001,0.014,0.014,-0.033,-0.288,-2.078,-1.442,0.041,1.354,0.006,-0.566,-1.687,0,0.79,0.068,-0.004,-1.78E-15,-0.006,0.92,0.448,0.734,-0.551,0.067,-1.15,1.16,-0.821,2.939,-2.572,-2.88,0.65,22.5,-1.129,-0.006,0.003,0.9,-0.001,1.728,3.122,9.086,0.219,-7.23,9,-0.118,0.846,0.039,1
82,V_MTK_MFC1,Q52238049401,20221103,23D,1227199102,ZDT,0.002,-0.0075,-0.001,1.61,-0.051,-3.05,-0.472,-1.682,-0.005,-0.002,-2.74,-2.966,2.66,-0.322,0.748,0.172,0.67,-0.053,0.026,-0.001,0,0.009,0.011,-0.029,-1.06,-1.646,-1.92,0.042,0.97,0.006,0.272,-0.778,0.018,0.732,0.068,-0.004,0.001,-0.008,0.52,0.37,0.716,0.287,0.451,-0.193,-2.01,0.088,4.518,-1.468,-2.67,-0.1,22.5,-1.053,-0.006,0.002,0.656,-0.003,2.688,2.976,11.828,-0.143,-6.28,9,-0.89,1.806,0.023,1
91,V_MTK_MFC1,Q52239002901,20221103,23D,1227199102,ZDT,0.002,0.0055,0,-0.73,1.567,-9.24,0.25,0.962,-0.001,-0.002,-2.77,-0.508,-0.24,0.346,0.728,0.454,0.094,-0.061,-0.004,-0.002,0.002,0.006,0,-0.028,-0.022,-0.178,-0.358,0.022,-1.138,0.002,0.09,2.477,0.011,0.144,0.068,-0.002,-0.002,-0.009,0.6,0.412,-0.154,0.105,-1.083,-0.239,-1.858,3.343,0.975,-1.904,-4.17,0.67,22.5,0.357,0,0.001,-0.474,0.003,-0.164,2.974,8.594,0.089,-9.29,9,0.148,-1.046,0.005,1
83,V_MTK_MFC1,Q52238049501,20221104,23D,1227199102,ZDT,0.002,0.0045,0.005,0.07,-1.255,-8.82,1.172,-0.964,-0.004,-0.002,-3.976,0.278,-0.58,-0.658,0.892,0.75,0.67,-0.063,0.026,-0.002,0,-0.001,0.007,-0.032,-0.264,-1.396,-1.462,0.077,0.396,0.002,-0.51,3.344,-0.002,0.524,0.068,-0.002,-0.001,-0.005,-0.3,0.79,0.086,-0.495,-1.451,-1.197,-4.138,4.21,1.546,-1.212,-4.07,-0.75,22.5,0.339,0.002,0.001,-0.474,0.001,0.668,0.67,8.026,-0.029,-3.91,9,-0.094,-0.214,0.041,1
88,V_MTK_MFC1,Q52239002601,20221104,23D,1227199102,ZDT,0.002,0.0045,0.001,3.556,-0.431,-8.668,0.926,1.378,-0.004,-0.001,-3.542,-0.424,-0.4,-0.7,0.726,-0.022,-0.19,-0.075,0.056,0,0.001,0.001,0.017,-0.035,1.408,-0.944,-0.454,0.049,2.292,0.006,0.622,-0.437,0.02,0.192,0.068,0.003,0.003,-0.005,0.44,0.146,-0.004,0.637,-1.262,0.607,-1.284,0.429,2.367,-1.812,-2,0.32,22.5,-0.501,-0.001,0.002,-0.474,0.001,3.928,3.928,8.594,0.129,-6.72,9,1.578,3.046,0.069,1
89,V_MTK_MFC1,Q52239002701,20221104,23D,1227199102,ZDT,0.002,-0.0025,0.003,-0.364,-2.457,-8.722,1.642,5.8,-0.004,0,-4.328,-1.048,-0.76,-0.706,1.566,1.324,1.824,-0.037,0.026,0,0.002,0.007,0.005,-0.039,0.192,-0.636,-1.874,0.039,5.684,0.009,-0.776,-0.787,0,-0.182,0.068,0.004,0.004,-0.006,-0.22,0.37,-0.122,-0.761,2.203,0.113,-1.722,0.079,0.815,-2.908,0.24,-0.29,22.5,0.359,-0.001,-0.003,-0.474,0.001,0.766,2.208,6.394,0.257,-7.19,9,0.362,-0.116,0.04,1
93,V_MTK_MFC1,Q52239003101,20221105,23D,1227199102,ZDT,0.002,0.0005,0.002,5.076,1.281,-8.57,-0.3,-2.09,-0.004,-0.002,-2.792,-1.716,-0.36,-0.416,-0.508,-0.31,0.476,-0.057,-0.014,-0.002,0.001,0.018,0.006,-0.035,0.648,-0.466,-1.12,0.05,6.954,0.01,0.736,-0.346,0.012,0.828,0.068,0.001,0.002,-0.006,0.64,-0.124,-0.132,0.751,0.594,-0.91,-2.238,0.52,-1.13,-2.762,-1.94,0.31,22.5,-0.651,-0.002,0.001,-0.474,0,3.356,-0.262,10.884,-0.213,-8.69,9,0.818,2.474,0.024,1
79,V_MTK_MFC1,Q52238049101,20221107,23D,1227199102,ZDT,0.002,0.0045,0.001,-4.572,-2.331,-10.468,-0.988,5.908,-0.003,0,-4.672,-2.578,2.16,0.26,1.542,0.912,1.046,-0.067,0.056,-0.002,0.002,0.005,0.008,-0.036,-0.036,-0.018,-2.816,0.054,-0.284,0.002,-0.416,1.402,-0.019,0.904,0.068,0.007,0.002,-0.008,0.5,-0.254,-0.164,-0.401,-0.897,-0.152,-2.384,2.268,-0.943,-2.932,-2.12,0.53,22.5,-0.437,0.004,0.001,-0.474,0,-1.368,-1.276,5.08,0.187,-8.29,9,0.134,-2.25,0.039,1
81,V_MTK_MFC1,Q52238049301,20221107,23D,1227199102,ZDT,0.002,0.0045,0.001,-0.93,-1.401,-9.066,-1.062,4.572,-0.003,0,-2.972,-0.732,1.76,-0.676,1.824,1.006,1.794,-0.057,0.066,-0.002,0.004,0,0.014,-0.03,-0.504,-1.514,-1.602,0.044,-2.056,0.002,-0.562,0.599,0,1.054,0.068,0.007,0.001,-0.005,-0.28,0.384,-0.098,-0.547,-0.708,-0.152,-2.196,1.465,-1.001,-3.402,-2.58,-1.08,22.5,0.203,0.006,-1.39E-17,-0.474,-0.002,-0.344,-0.06,6.202,0.001,-10.05,9,-0.334,-1.226,0.029,1
101,V_MTK_MFC1,Q52239015701,20221107,23D,1227199102,ZDT,0.002,0.0035,0,2.602,0.425,-7.238,0.176,0.904,-0.005,-0.001,-1.67,-1.038,-0.76,0.442,0.254,0.832,-0.284,-0.059,0.006,-0.003,0,0.005,0.021,-0.04,1.218,-0.56,-1.502,0.061,2.76,0,0.128,-0.679,0.012,-0.046,0.068,-0.003,-0.001,-0.007,-0.02,0.066,-0.16,0.143,-1.274,0.046,-1.478,0.187,-0.651,-1.426,-1.12,0.61,22.5,0.639,0.001,-0.002,-0.474,0.004,2.404,2.69,9.072,0.473,-7.58,9,1.388,1.522,0.035,1
95,V_MTK_MFC1,Q52239003301,20221108,23D,1227199102,ZDT,0.002,0.0055,0.003,0.31,-0.249,-9.724,-0.132,-0.146,-0.003,-0.002,-3.588,-0.66,3.66,-0.32,-0.224,-0.308,-0.288,-0.029,0.046,0,0.001,0.004,0.009,-0.034,-0.502,-1.048,-1.88,0.073,6.39,0.001,-0.34,1.424,-0.007,0.144,0.068,-0.004,0.003,-0.006,0.4,-0.33,-0.184,-0.325,1.31,-1.388,-1.45,2.29,4.901,-1.814,-3.21,-0.52,22.5,0.547,-0.001,-0.001,-0.474,0,1.81,1.156,8.374,0.599,-5.76,9,-0.332,0.928,0.039,1
87,V_MTK_MFC1,Q52239002501,20221110,23D,1227199102,ZDT,0.002,0.0065,0.002,2.902,0.565,-6.73,0.29,-0.616,-0.003,0.002,-4.812,-2.644,4.26,-0.77,0.608,0.166,0.018,-0.055,-0.004,-0.003,0.003,0.004,0.006,-0.034,-1.062,-0.578,-1.13,0.042,4.954,0.002,0.112,0.467,-0.018,0.296,0.068,-0.003,-1.78E-15,-0.006,0.14,-0.554,0.03,0.127,0.544,-0.241,-1.356,1.333,-0.27,-2.372,-4.69,-1.89,22.5,0.083,0.003,-0.002,-0.474,-0.002,5.454,3.676,6.76,0.373,-8.16,9,-0.892,4.572,0.034,1
97,V_MTK_MFC1,Q52239015301,20221110,23D,1227199102,ZDT,0.002,-0.0015,0.004,-1.51,-0.755,-10.636,0.098,-2.654,-0.004,0.001,-4.464,-1.62,3.18,-0.032,0.156,-0.024,-1.048,-0.063,-0.004,-0.002,0.002,0.005,0.008,-0.036,0.362,0.202,0.118,0.045,1.812,0.009,0.66,0.369,-0.018,0.682,0.068,0,-0.003,-0.007,0.68,0.03,0.04,0.675,0.258,-0.814,-2.714,1.235,0.018,-2.858,1.95,-1.63,22.5,0.459,0,0.002,-0.474,0,-0.778,1.342,5.724,-0.255,-7.74,9,0.532,-1.66,0.014,1
71,V_MTK_MFC1,Q52238013901,20221112,23D,1227199102,ZDT,0.002,0.0075,0.003,0.982,0.525,-8.724,-0.15,2.02,-0.003,0.001,-3.202,-0.512,2.26,-0.562,1.084,0.606,0.622,-0.043,0.066,-0.001,0,0.009,0.012,-0.032,-0.192,-0.924,-0.236,0.06,1.69,0.004,-0.988,-1.687,-0.011,0.062,0.068,0.002,0.002,-0.007,-0.2,0.426,0.104,-0.973,2.507,-0.576,-2.54,-0.821,-0.509,-2.428,-1.25,0.4,22.5,-0.215,0.004,-0.002,-0.474,0.002,4.18,4.422,9.18,0.485,-13.68,9,-0.022,3.298,0.06,1
98,V_MTK_MFC1,Q52239015401,20221114,23D,1227199102,ZDT,0.002,-0.0025,0.003,2.124,0.521,-11.24,-1.544,-1.25,-0.007,-0.001,-4.332,-0.152,2.26,-1.08,0.634,0.264,-0.286,-0.045,0.046,-0.002,0.002,0.011,0.006,-0.029,1.218,-1.322,-1.692,0.068,-1.714,0.008,0.506,-1.016,-0.013,1.324,0.068,0.002,-0.002,-0.004,-0.3,-0.008,-0.176,0.521,-0.65,-0.813,-3.286,-0.15,0.641,-2.476,-0.33,0.46,22.5,-0.305,0.001,0.002,-0.474,0.001,0.022,3.166,7.358,-0.027,-7.29,9,1.388,-0.86,0.021,1
80,V_MTK_MFC1,Q52238049201,20221116,23D,1227199102,ZDT,0.002,0.0055,0.002,0.79,-1.111,-11.322,-0.38,4.504,-0.003,-0.001,-4.928,0.82,2.26,-1.032,0.144,0.306,-0.328,-0.037,0.066,-0.003,0.003,0.002,0.014,-0.026,-0.626,-0.78,-2.306,0.08,2.082,0.005,0.962,-1.543,0.009,0.254,0.068,0.003,0.002,-0.005,-0.28,0.142,1.086,0.977,-1.274,-0.813,-1.818,-0.677,-0.749,-2.668,3.39,-1.05,22.5,-0.119,-0.004,0.001,0.096,-0.003,-0.728,1.392,3.026,-0.183,-4.75,9,-0.456,-1.61,0.044,1
90,V_MTK_MFC1,Q52239002801,20221116,23D,1227199102,ZDT,0.002,0.0065,0.004,0.218,1.759,-5.714,0.444,2.132,-0.001,0.001,-3.912,-0.56,0.66,-2.322,-0.224,0.262,-0.476,-0.057,-0.004,-0.001,0.002,0.005,0.002,-0.038,0.93,0.582,0.594,0.073,-2.332,0.002,-0.18,-2.02,-0.015,0.222,0.068,-0.001,-1.78E-15,-0.008,-0.06,1.36,0.658,-1.467,0.063,-0.24,0.142,-1.154,-0.842,-3.048,-8.16,0.5,22.5,0.641,-0.006,0.004,-0.474,0,1.454,1.738,12.404,0.543,-6.52,9,1.1,0.572,0.015,1
84,V_MTK_MFC1,Q52238049601,20221118,23D,1227199102,ZDT,0.002,0.0065,0.003,0.888,-4.479,-9.88,-0.608,3.136,-0.006,-0.001,-3.656,0.104,3.06,-0.178,1.134,2.578,1.584,-0.045,0.026,0,0.002,-0.001,0.014,-0.026,-0.338,-0.778,1.158,0.071,2.754,0.004,0.426,-1.544,0.017,0.524,0.068,0.001,-0.002,-0.005,-0.28,0.142,1.084,0.441,-0.317,-1.101,-3.554,-0.678,-1.226,-2.956,3.69,0.23,22.5,0.301,-0.005,0.001,1.546,0,1.678,-1.784,6.488,-0.563,-8.44,9,-0.168,0.796,0.035,1
100,V_MTK_MFC1,Q52239015601,20221121,23D,1227199102,ZDT,0.002,-0.0005,0.003,1.126,0.845,-11.214,-0.236,6.936,-0.002,0,-1.046,1.542,3.24,-0.86,1.166,0.352,0.858,-0.033,0.026,-0.002,0.005,0.003,0.009,-0.03,-0.128,-1.886,-2.63,0.047,5.698,0.008,-0.114,1.02,0.003,-0.072,0.068,0.006,0.001,-0.006,0.52,-0.404,0.06,-0.099,0.056,-0.438,-3.224,1.886,-1.23,-1.348,-4.33,0.32,22.5,0.165,0,0.002,-0.474,-0.005,-0.622,2.088,5.266,-0.637,-6.89,9,0.042,-1.504,0.02,1
103,V_MTK_MFC1,Q52239015901,20221121,23D,1227199102,ZDT,0.002,0.0065,0.003,-0.448,0.517,-6.954,0.138,-0.866,-0.001,0.001,-3.044,-1.128,1.18,-1.75,-0.034,-0.118,-1.62,-0.071,-0.004,-0.001,0.003,0.003,0.013,-0.02,1.124,-0.656,0.308,0.067,-0.184,0.001,-0.37,1.71,0,0.144,0.068,0.003,0.002,-0.008,-0.26,1.058,0.75,-0.355,0.161,-1.293,-0.238,2.576,0.974,-3.334,-2.19,-0.13,22.5,0.641,0,0.001,-0.474,-0.002,0.69,1.072,7.548,-0.063,-6.56,9,1.294,-0.192,0.02,1
85,V_MTK_MFC1,Q52238049701,20221122,23D,1227199102,ZDT,0.002,-0.006,0.004,0.472,0.561,-9.628,-0.31,4.986,-0.004,0.001,-4.814,-0.4,1.52,0.031,-0.606,-0.394,-0.356,-0.077,0.006,-0.002,0.001,0.011,-0.001,-0.031,-0.504,-0.766,-2.162,0.04,3.646,0.008,-0.188,0.355,-0.019,-0.108,0.068,0.007,-0.001,-0.007,-0.12,-0.816,0.07,-0.173,-0.516,-0.249,-2.572,1.221,-0.279,1.196,-1.96,0.68,22.5,0.051,-0.001,0.002,-0.474,-0.004,1.714,0.22,-1.437,-0.749,-12.8,9,-0.334,0.832,-0.022,1
92,V_MTK_MFC1,Q52239003001,20221122,23D,1227199102,ZDT,0.002,-0.01,0,-1.132,-2.843,-9.878,-0.456,-0.912,0.001,0,-3.292,1.672,2.48,-0.423,0.458,0.268,0.718,-0.053,0.006,-0.002,0,0.003,0.006,-0.027,1.012,-0.488,-0.672,0.067,-1.004,0.008,-0.642,0.945,0.014,0.486,0.068,0,-1.78E-15,-0.005,0.28,0.256,-0.226,-0.627,-0.508,-0.719,-3.072,1.811,-0.172,-0.406,-3.51,0.62,22.5,-0.043,0.004,-0.001,-0.474,-0.001,-0.63,0.622,-1.243,0.163,-5.21,9,1.182,-1.512,0.001,1
110,V_MTK_MFC1,Q52240038701,20221124,23D,1227199102,ZDT,0.002,0.001,0.001,0.888,-1.111,-8.534,-0.34,-3.298,-0.002,0,-2.484,-0.386,0.42,-0.807,0.072,0.268,-1.684,-0.047,0.026,-0.001,0.002,0.016,0.006,-0.035,1.206,0.572,-0.572,0.076,-1.486,0.002,-0.452,2.861,-0.004,-0.014,0.068,-0.005,0.001,-0.007,-0.34,0.102,1.058,-0.437,0.065,1.578,-1.146,3.727,0.497,-0.598,3.01,0.72,22.5,0.931,0.002,-0.001,-0.474,-0.003,0.91,0.138,0.295,-0.295,-6.62,9,1.376,0.028,0.011,1
117,V_MTK_MFC1,Q52241000601,20221125,23D,1227199102,ZDT,0.002,0.001,0.003,-4.212,-2.457,-9.688,-0.646,-1.412,-0.002,-0.002,-3.822,0.516,3.96,-0.201,0.948,1.336,0.09,-0.053,0.066,-0.003,-0.001,0.014,-0.002,-0.033,-1.78,-2.03,-1.632,0.036,5.926,0.002,0.386,-0.108,0.004,0.294,0.068,-0.002,-1.78E-15,-0.007,-0.38,0.64,1.048,0.401,-0.796,-1.006,-2.972,0.758,2.414,-0.79,1.46,0.48,22.5,-0.081,-0.009,0.001,-0.474,-0.002,-3.42,-0.342,-2.589,-0.487,-4.76,9,-1.61,-4.302,0.006,1
86,V_MTK_MFC1,Q52238049801,20221128,23D,1227199102,ZDT,0.002,0.001,0.002,1.65,1.473,-8.668,0.404,-1.016,-0.003,-0.001,-3.17,0.502,1.18,-0.369,0.918,0.644,0.192,-0.079,0.006,-0.003,-0.001,0.006,0.002,-0.03,-0.116,-0.466,0.116,0.05,-1.524,0.004,-0.18,0.179,-0.005,0.144,0.068,-0.002,0.001,-0.005,0.5,0.18,1.108,-0.165,0.161,-0.72,-0.712,1.045,0.21,0.74,-0.91,0.38,22.5,-0.501,0.004,-0.001,-0.474,0.006,1.546,3.834,-0.849,0.127,-8.32,9,0.054,0.664,-0.001,1
96,V_MTK_MFC1,Q52239015201,20221128,23D,1227199102,ZDT,0.002,-2.78E-17,0.001,-0.922,-0.241,-9.236,0.788,-0.458,-0.004,-0.001,-3.99,-0.858,1.64,-0.561,0.918,0.356,-0.19,-0.055,0.036,-0.001,0.001,0.004,0.002,-0.033,-0.21,0.106,-1.024,0.055,-2.182,0.002,-0.218,-0.969,-0.016,0.106,0.068,-0.002,-0.001,-0.006,-0.32,0.488,0.056,-0.203,-1.083,-0.623,-1.286,-0.103,-1.131,0.93,2.13,-0.35,22.5,-0.215,-0.003,-0.001,-0.474,0.003,1.548,0.404,1.055,-0.103,-9.04,9,-0.04,0.666,-0.004,1
105,V_MTK_MFC1,Q52240038201,20221128,23D,1227199102,ZDT,0.002,0.001,0.001,1.458,2.139,-8.382,0.026,-0.038,-0.003,-0.002,-3.19,0.592,-0.34,-0.655,1.014,0.834,0.572,-0.073,0.026,0,0.001,0.012,0.011,-0.035,0.55,0.01,-1.312,0.04,1.334,0.004,-0.104,-1.255,0,-0.084,0.068,0,0.003,-0.005,-0.26,0.602,-0.14,-0.089,-0.701,0.909,-1.668,-0.389,-0.748,1.12,-6.86,0.72,22.5,-0.597,0.002,-0.003,0.136,0.005,4.31,4.786,-0.181,-0.255,-4.26,9,0.72,3.428,0.029,1
106,V_MTK_MFC1,Q52240038301,20221130,23D,1227199102,ZDT,0.002,-0.007,0.004,0.314,-0.241,-10.858,-0.358,1.43,-0.002,0.001,-4.47,-1.04,0.64,-1.511,0.536,1.308,0.57,-0.043,0.066,-0.001,0.002,0.005,-0.005,-0.042,1.692,-0.274,-1.596,0.092,-2.848,0.009,0.736,0.275,0.009,0.26,0.068,0.003,0.001,-0.009,0.06,0.906,-0.078,0.751,-0.03,-0.142,-3.19,1.141,1.072,-0.594,-1.57,0.45,22.5,0.153,0.007,0.001,-0.474,0,3.072,0.882,-2.089,-0.561,-7.05,9,1.862,2.19,0.014,1
111,V_MTK_MFC1,Q52240038801,20221130,23D,1227199102,ZDT,0.002,-0.006,0.004,-1.302,0.899,-9.24,0.024,-0.116,-0.002,-0.001,-3.948,-0.894,-0.4,-0.751,1.966,2.168,2.286,-0.043,0.066,-0.003,0.001,0.004,0.001,-0.035,0.836,-0.844,-1.79,0.091,1.05,0.009,0.088,-1.257,-0.018,0.296,0.068,0,-1.78E-15,-0.008,0.2,1.022,-0.208,0.103,-0.7,2.249,-3.192,-0.391,-0.365,-1.262,2.88,0.36,22.5,-0.267,0.007,-1.39E-17,-0.474,-0.003,-1.5,-0.07,-0.183,-0.129,-9.61,9,1.006,-2.382,0.006,1
102,V_MTK_MFC1,Q52239015801,20221202,23D,1227199102,ZDT,0.002,-0.007,0.002,-0.352,4.043,-9.618,-0.016,-1.916,-0.005,0,-3.562,1.226,0.16,-0.847,0.06,-0.592,-1.144,-0.067,-0.004,-0.002,0.003,0.001,0.004,-0.027,-0.118,-0.654,-1.026,0.085,0.48,0.009,1.158,1.137,-0.014,-0.008,0.068,-0.001,0.008,-0.006,1.24,1.02,-0.112,1.173,2.557,1.387,-2.43,2.003,0.21,-0.786,0.13,0.28,22.5,0.421,0.006,-0.001,-0.474,-0.001,0.118,2.878,-0.851,-0.865,-5.47,9,0.052,-0.764,0.015,1
99,V_MTK_MFC1,Q52239015501,20221205,23D,1227199102,ZDT,0.002,-0.005,0.004,-0.168,-0.245,-10.36,-1.084,2.5,-0.003,0.002,-3.366,1.068,-0.28,-0.327,0.172,0.654,0.334,-0.031,0.036,-0.004,-0.003,0.013,0.008,-0.038,0.626,-0.49,-1.538,0.037,-0.036,0.01,0.08,0.083,-0.007,2.092,0.068,0.004,-0.001,-0.006,0.36,-0.014,0.65,0.095,-0.414,-0.813,-3.07,0.949,-0.556,0.554,0.54,0.12,22.5,0.147,0.005,-0.001,-0.474,0.001,-1.496,0.236,-0.089,0.237,-5.61,9,0.796,-2.378,0.009,1
107,V_MTK_MFC1,Q52240038401,20221205,23D,1227199102,ZDT,0.002,0.002,0.002,3.182,0.753,-7.292,0.138,-3.248,-0.003,-0.001,-2.94,-0.272,1.78,-1.279,0.61,1.752,0.486,-0.073,0.056,-0.005,0.002,0.002,0.008,-0.033,-0.408,-0.952,-1.318,0.064,-2.534,0.003,0.188,-2.212,0.001,0.22,0.068,-0.006,-0.001,-0.008,0.34,0.534,0.774,0.203,1.213,-0.434,-2.29,-1.346,-0.458,0.08,-1.8,0.71,22.5,-0.383,-0.001,-0.003,-0.474,-0.001,3.116,1.994,1.275,-0.337,-6.86,9,-0.238,2.234,-0.001,1
127,V_MTK_MFC1,Q52241028501,20221205,23D,1227199102,ZDT,0.002,-0.006,0.004,-1.614,-2.745,-12.476,-0.358,1.832,-0.003,0.002,-3.174,-1,-1.22,-0.135,0.46,0.75,1.104,-0.051,0.036,-0.004,-0.001,0.003,0.01,-0.035,-0.242,-0.106,-1.536,0.066,-1.002,0.01,0.96,0.276,-0.008,0.758,0.068,0.003,0.001,-0.008,0.02,0.41,0.832,0.975,-0.03,-0.718,-2.012,1.142,1.454,-0.886,2.4,0.65,22.5,0.647,0.006,0.003,-0.474,-0.001,-0.244,-1.882,-3.647,-0.525,-4.76,9,-0.072,-1.126,-0.055,1
109,V_MTK_MFC1,Q52240038601,20221207,23D,1227199102,ZDT,0.002,-2.78E-17,0,0.566,0.003,-3.458,-0.272,-2.284,-0.005,-0.003,-3.668,-0.09,0.62,-1.185,0.516,1.564,0.486,0.003,0.016,-0.002,0.003,0.014,0.006,-0.033,0.994,-0.764,-1.786,0.048,0.65,0.003,-0.188,-0.502,0.002,0.004,0.068,-0.002,-0.003,-0.007,-0.24,0.72,0.71,-0.173,-0.421,-0.438,-1.26,0.364,-0.37,0.264,6.48,-10.25,22.5,0.085,-0.002,-0.002,-0.474,0,2.556,0.592,-6.107,0.035,-4.14,9,1.164,1.674,-0.005,1
115,V_MTK_MFC1,Q52241000401,20221207,23D,1227199102,ZDT,0.002,0.002,0.003,0.464,-0.605,-1.556,-0.424,-1.762,-0.003,-0.001,-3.91,1.396,1.02,-0.869,1.22,2.518,1.406,-0.059,0.006,0,0.003,0.005,0.001,-0.037,0.074,-0.844,-2.336,0.056,4.018,0.001,-0.45,-0.597,-0.007,0.602,0.068,-0.003,-0.001,-0.003,0.06,0.682,0.08,-0.435,0.435,-0.058,-3.004,0.269,-0.18,0.63,6.44,-5.08,22.5,0.727,0.003,-1.39E-17,-0.474,-0.001,-0.242,0.922,-6.261,-0.153,-4.43,9,0.244,-1.124,-0.03,1
119,V_MTK_MFC1,Q52241000801,20221207,23D,1227199102,ZDT,0.002,-2.78E-17,0.002,0.698,-0.147,-2.668,-0.056,-3.796,-0.004,-0.001,-4.266,1.412,0.52,0.297,0.632,2.07,1.618,-0.065,0.006,-0.002,0.001,0.004,0.004,-0.026,2.266,0.298,-0.548,0.059,6.768,0.002,-0.6,0.754,-0.004,-0.046,0.068,-0.003,0.001,-0.007,0.44,0.22,-0.04,-0.585,-1.561,-0.526,-0.906,1.62,-0.555,0.07,6.49,-10.88,22.5,0.163,-0.001,-0.002,-0.474,0.005,1.168,3.07,-4.849,0.243,-3.56,9,2.436,0.286,-0.006,1
112,V_MTK_MFC1,Q52241000101,20221208,23D,1227199102,ZDT,0.002,-0.001,0,1.024,1.801,-7.08,-1.064,1.452,-0.001,-0.001,-2.806,1.728,0.08,-0.129,1.58,1.412,1.58,-0.053,0.026,0,0.001,0.003,-0.003,-0.039,-0.27,-1.8,-2.62,0.067,4.912,0.002,-0.032,-0.777,-0.006,1.246,0.068,0.002,-0.001,-0.006,0,1.19,0.946,-0.017,-0.988,-0.051,-1.98,0.089,-0.651,0.658,5.87,0.27,22.5,1.211,-0.005,-0.001,-0.474,0.001,1.78,4.9,-10.335,-0.169,-4.87,9,-0.1,0.898,0.001,1
113,V_MTK_MFC1,Q52241000201,20221208,23D,1227199102,ZDT,0.002,-2.78E-17,0,0.408,-0.437,-5.646,-0.76,-0.382,-0.004,-0.001,-2.828,-0.702,0.72,-1.479,-0.504,0.558,0.238,-0.055,0.036,-0.001,0.001,0.009,-0.003,-0.039,0.142,0.376,-1.44,0.067,-0.422,0.002,-0.452,0.179,-0.002,0.18,0.068,-0.003,-1.78E-15,-0.006,-0.08,0.716,-0.37,-0.437,-0.797,-1.295,-1.05,1.045,-0.651,0.842,6.42,-10.41,22.5,-0.509,0.001,-0.003,-0.474,0.005,0.138,2.352,-7.785,0.009,-8.35,9,0.312,-0.744,0.003,1
118,V_MTK_MFC1,Q52241000701,20221208,23D,1227199102,ZDT,0.002,-0.005,0.003,0.884,-0.219,-6.48,-0.836,4.016,-0.003,-0.001,-3.702,-0.938,-1.06,-1.549,0.98,1.072,1.36,-0.077,0.036,-0.003,0.003,-0.007,0.002,-0.037,-0.27,-1.8,-3.26,0.032,5.832,0.009,0.428,0.85,-0.002,0.788,0.068,0.004,0.001,-0.008,0.18,1.29,0.904,0.443,-0.988,0.621,-2.22,1.716,-1.033,0.118,5.81,-5.36,22.5,1.091,-0.002,0.001,-0.474,0.001,2.4,3.16,-9.715,0.191,-3.88,9,-0.1,1.518,-0.006,1
116,V_MTK_MFC1,Q52241000501,20221213,23D,1227199102,ZDT,0.002,-2.78E-17,0.002,1.71,0.981,-9.48,-0.152,0.156,-0.002,-0.001,-2.836,-0.322,1.36,-0.885,2.172,2.846,2.422,-0.035,0.056,-0.004,0.001,0.006,0,-0.038,0.214,-0.786,-3.104,0.087,-1.954,0.001,-0.3,-1.734,0,-0.13,0.068,-0.001,-0.001,-0.005,0.6,0.944,0.09,-0.285,-1.275,1.099,-2.244,-0.868,-1.418,0.324,-3.95,-1.32,22.5,1.999,-0.004,-0.001,-0.474,0.002,0.294,0.22,0.489,0.007,-6.5,9,0.384,-0.588,-0.019,1
124,V_MTK_MFC1,Q52241028201,20221213,23D,1227199102,ZDT,0.002,-0.002,-0.001,-0.846,0.141,-4.778,-0.836,-4.884,-0.005,0,-4.2,0.008,2.62,-1.193,0.266,0.46,1.006,-0.083,0.018,-0.003,0.002,0.021,0.004,-0.035,-0.53,-1.646,-1.344,0.048,1.306,-0.001,1.152,-2.404,-0.006,0.982,0.069,-0.006,-0.006,-0.005,0.84,0.412,-0.148,1.167,-0.605,-0.049,-2.012,-1.538,-0.843,-0.31,6,0.76,22.5,-0.043,0.01,-0.001,-0.474,-0.001,-1.302,0.524,-9.417,-0.715,-5.16,9,-0.36,-2.184,-0.011,1
133,V_MTK_MFC1,Q52242003301,20221213,23D,1227199102,ZDT,0.002,-2.78E-17,0,0.03,0.901,-9.046,0.178,-0.73,-0.004,0,-3.782,1.41,2.14,-1.419,0.824,0.836,0.096,-0.065,0.056,-0.001,0.004,0.005,-0.003,-0.031,2.552,-0.084,-1.024,0.071,2.77,0.001,-0.294,-1.64,-0.002,0.068,0.068,-0.003,-0.008,-0.007,-0.14,0.068,0.878,-0.279,-0.989,0.047,-0.524,-0.774,-0.173,0.74,-0.58,0.75,22.5,-0.121,-0.001,-0.002,-0.474,0.007,0.786,0.88,-0.753,0.131,-7.85,9,2.722,-0.096,-0.009,1
104,V_MTK_MFC1,Q52240038101,20221214,23D,1227199102,ZDT,0.002,-0.001,0.003,0.258,-0.241,-11.274,0.27,0.218,-0.004,-0.001,-3.652,0.698,1.92,-0.175,1.788,3.54,2.056,-0.025,0.036,-0.002,0,0.005,0.005,-0.031,0.024,-1.7,-2.76,0.09,-0.768,0,-0.682,-1.161,0.002,-0.358,0.068,-0.001,-0.002,-0.005,0.22,0.254,0.158,-0.667,-0.891,0.525,-3.2,-0.295,-0.841,-0.822,0.63,0.72,22.5,0.873,-0.002,0.001,-0.474,0.001,-1.882,0.144,-2.185,0.391,-4.04,9,0.194,-2.764,-0.022,1
121,V_MTK_MFC1,Q52241027901,20221214,23D,1227199102,ZDT,0.002,-0.004,0.005,-1.208,6.141,-13.238,-0.054,4.296,-0.001,-0.001,-4.114,1.032,0.22,-0.999,0.952,1.152,0.898,-0.069,0.046,-0.002,0.003,0.008,-0.003,-0.031,0.168,-1.606,-1.882,0.064,-2.918,0.009,0.774,0.561,0,0.412,0.068,0.003,-0.001,-0.006,-0.36,0.754,0.97,0.789,-0.893,0.336,0.236,1.427,-0.462,0.55,-2.33,0.74,22.5,2.407,0.001,-0.001,0.29,0.006,-2.072,5.452,-5.897,-0.445,-3.68,9,0.338,-2.954,-0.011,1
123,V_MTK_MFC1,Q52241028101,20221214,23D,1227199102,ZDT,0.002,-0.007,0.002,-3.924,-3.515,-11.902,-1.254,1.27,-0.002,-0.002,-2.734,1.246,2.14,-0.051,0.832,1.296,1.694,-0.069,0.016,-0.003,0,0.011,-0.001,-0.038,0.24,-1.356,-0.958,0.052,-0.036,0.01,0.384,-0.203,-0.017,1.21,0.068,0.001,-1.78E-15,-0.007,0.78,-0.166,0.836,0.399,-1.179,-0.528,-2.3,0.663,0.21,-0.79,4.58,-3.41,22.5,-0.577,-0.003,0.002,0.174,0.001,-1.784,0.91,-2.781,-0.981,-3.53,9,0.41,-2.666,-0.005,1
138,V_MTK_MFC1,Q52242022001,20221214,23D,1227199102,ZDT,0.002,-0.007,0.004,0.794,1.661,-11.904,0.138,3.876,0,0,-4.428,2.09,-0.38,-0.925,0.95,0.696,1.09,-0.075,0.086,-0.003,0.002,0.013,-0.001,-0.039,-0.782,-1.512,-2.834,0.068,-2.376,0.009,1.002,1.807,-0.016,0.45,0.068,0.003,0.002,-0.007,-0.24,0.642,0.896,1.017,-0.414,-0.147,-0.618,2.673,-0.748,0.262,1.91,0.75,22.5,2.943,0.002,0.001,0.328,0.003,-0.072,2.214,-2.751,-0.061,-2.91,9,-0.612,-0.954,-0.004,1
108,V_MTK_MFC1,Q52240038501,20221215,23D,1227199102,ZDT,0.002,0.002,0.003,-0.462,-2.893,-8.692,-0.798,1.006,-0.004,-0.001,-4.144,-1.066,3.08,-0.439,1.73,1.846,2.17,-0.053,0.026,-0.004,0.001,0.005,-0.002,-0.029,-0.034,-2.636,-3.656,0.091,-3.426,0.002,-0.34,-2.028,0.001,0.08,0.068,-0.002,0.001,-0.005,0.36,1.136,0.098,-0.325,-0.802,1.275,-2.104,-1.162,-0.562,-0.294,-1.72,-0.08,22.5,-0.583,-0.002,-1.39E-17,1.062,-0.002,0.406,1.06,-1.527,-0.527,-6.72,9,0.136,-0.476,0.007,1
125,V_MTK_MFC1,Q52241028301,20221215,23D,1227199102,ZDT,0.002,-0.007,0.002,-2.862,-1.303,-11.226,-0.034,-0.722,-0.006,-0.001,-3.648,3.106,1.84,-0.315,0.448,1.414,-0.022,-0.053,0.016,-0.004,-0.001,0.019,-0.006,-0.037,-0.242,-0.488,-0.764,0.051,-2.638,0.006,-0.262,-2.406,-0.007,0.676,0.068,-0.002,-0.003,-0.007,-0.18,-0.396,0.896,-0.247,-1.274,-0.718,-2.588,-1.54,-0.843,0.554,0.2,0.74,22.5,1.179,-0.001,0.003,-0.474,0.005,-3.034,1.968,-2.203,-0.069,-6.35,9,-0.072,-3.916,-0.012,1
131,V_MTK_MFC1,Q52242003101,20221215,23D,1227199102,ZDT,0.002,0.004,0.004,0.288,-0.277,-9.348,-1.322,4.684,-0.001,-0.001,-3.502,0.97,4.1,-1.093,1.262,1.566,1.138,-0.039,0.046,0,0.002,0.009,0,-0.039,-0.784,-1.514,-2.91,0.078,1.028,0.005,-0.602,-1.171,0,0.528,0.068,0.005,-0.002,-0.01,-0.12,0.686,0.334,-0.587,-0.993,-1.009,-2.198,-0.305,0.104,-0.296,-0.65,0.76,22.5,-0.363,-0.001,-0.002,0.798,-0.002,2.65,0.782,-1.901,-0.187,-7.22,9,-0.614,1.768,-0.027,1
120,V_MTK_MFC1,Q52241027801,20221216,23D,1227199102,ZDT,0.002,-0.003,0.004,-0.826,0.235,-10,1.138,1.612,0.001,-0.005,-3.192,0.54,0.18,0.721,1.218,1.954,2.352,-0.047,0.046,0,0.004,0.007,0.014,-0.029,-0.044,-1.466,-1.306,0.059,1.402,0.01,0.238,0.711,-0.001,0.472,0.068,0.001,-0.003,-0.006,-0.12,0.22,1.014,0.253,-1.234,-0.754,-1.612,1.577,-0.236,0.612,0.93,0.52,22.5,1.671,-0.003,0.003,-0.474,0.004,-1.214,4.214,-1.803,0.585,-5,9,0.126,-2.096,0.014,1
126,V_MTK_MFC1,Q52241028401,20221216,23D,1227199102,ZDT,0.002,0.001,0.003,2.41,1.187,-8.666,1.06,-1.078,-0.005,0.002,-4.52,0.632,2.66,-1.513,0.348,-0.022,-0.096,-0.049,0.016,-0.002,0.002,0.023,-0.006,-0.025,1.314,-1.61,-1.026,0.038,10.388,-0.001,-0.41,-1.112,-0.011,0.746,0.068,0,0.005,-0.004,0.84,0.526,0.87,-0.395,0.212,-1.084,-2.526,-0.246,-0.248,0.55,2.18,0.55,22.5,0.737,-0.002,0.007,-0.474,0.001,1.452,1.74,0.485,-0.065,-7.39,9,1.484,0.57,0.002,1
139,V_MTK_MFC1,Q52242022201,20221216,23D,1227199102,ZDT,0.002,-0.003,0.004,0.316,1.185,-7.524,0.074,0.556,0.001,0.002,-3.634,3.372,4.18,0.681,1.37,2.412,2.082,-0.071,0.036,-0.001,0.004,0.008,0.014,-0.019,0.646,-1.132,-2.93,0.093,8.004,0.008,0.126,-1.746,0.01,1.02,0.068,0,0.001,-0.005,-0.14,0.106,-0.192,0.141,-0.362,2.575,-1,-0.88,-0.637,2.072,2.83,0.53,22.5,0.917,0.001,-1.39E-17,-0.474,0.008,-2.26,1.452,1.053,1.273,-6.85,9,0.816,-3.142,0.004,1
114,V_MTK_MFC1,Q52241000301,20221217,23D,1227199102,ZDT,0.002,-0.003,0.005,0.696,-1.289,-12,1.274,-0.198,0.002,0.002,-3.382,1.894,4.16,-0.159,-0.116,1.914,1.398,-0.043,0.046,0,0.003,0.022,-0.003,-0.019,0.838,-1.894,-1.692,0.059,-0.376,0.009,-0.638,-1.232,-0.013,0.182,0.068,0.003,-1.78E-15,-0.006,0.06,0.41,0.93,-0.623,-1.279,1.694,-1.574,-0.366,-1.142,0.738,2.82,0.58,22.5,0.611,-0.002,0.005,-0.474,0.003,-0.166,0.024,-4.371,0.701,-11.09,9,1.008,-1.048,0.034,1
122,V_MTK_MFC1,Q52241028001,20221217,23D,1227199102,ZDT,0.002,-0.001,0.006,0.884,-0.717,-5.048,1.93,-1.268,0.002,0,-4.53,-0.402,1.84,-0.503,-0.042,1.992,1.28,-0.067,0.046,0,0.004,0.004,0.001,-0.024,0.934,-0.846,-0.834,0.043,-0.27,0.002,-0.716,-1.741,-0.011,0.282,0.068,0.003,0.004,-0.004,-0.02,0.218,0.898,-0.701,-1.945,3.606,0.62,-0.875,-1.074,-0.024,2.14,0.41,22.5,1.971,0.001,-0.001,-0.474,0.002,1.452,2.784,1.719,1.043,-6.79,9,1.104,0.57,-0.009,1
136,V_MTK_MFC1,Q52242021801,20221217,23D,1227199102,ZDT,0.002,-0.01,0.002,-0.836,-0.559,-10.186,-0.134,-4.716,-0.004,-0.002,-3.772,0.478,0.16,-1.277,1.45,1.658,0.582,-0.047,-0.024,-0.001,0,0.013,-0.002,-0.027,0.246,-2.074,-1.322,0.052,8.594,0.01,-0.26,-0.53,-0.008,1.454,0.068,-0.002,0.001,-0.005,-0.24,0.456,0.916,-0.245,0.267,0.891,0.234,0.336,0.154,1.012,-5.33,0.72,22.5,0.127,-0.006,0.002,-0.474,-0.002,-0.81,2.368,-2.183,-0.415,-8.54,9,0.416,-1.692,0,1
130,V_MTK_MFC1,Q52242003001,20221219,23D,1227199102,ZDT,0.002,0.002,0.007,-3.736,-1.119,-7.756,-0.102,-0.59,0,0.002,-2.652,0.908,0.66,-1.033,0.404,2.02,2.412,-0.073,0.026,-0.001,-0.002,0.038,0.009,-0.051,1.074,-1.334,0.452,0.057,-5.078,0.001,0.11,-2.468,0.007,1.114,0.068,-0.003,0.001,-0.006,-0.06,-0.05,1.206,0.125,-0.556,1.618,-1.772,-1.602,0.26,-0.894,-0.2,0.43,22.5,0.581,0.003,0.01,1.284,-0.004,-3.426,1.62,-9.005,-0.525,-9.82,9,1.244,-4.308,-0.014,1
137,V_MTK_MFC1,Q52242021901,20221219,23D,1227199102,ZDT,0.002,-2.78E-17,0.001,1.554,-1.479,-1.712,0.498,-2.022,0.002,-0.002,-4.676,1.876,1.22,-1.227,0.538,1.31,0.666,-0.037,0.036,-0.004,0.003,0.007,0.005,-0.029,1.122,-0.082,-0.358,0.065,3.154,0.001,-0.716,-0.671,0.005,0.058,0.068,-0.002,0.002,-0.002,-0.18,0.45,1.062,-0.701,1.678,-0.466,-1.666,0.195,-0.969,0.262,-1.7,0.67,22.5,-0.501,0.002,-0.003,-0.474,0.006,1.546,2.214,-5.801,0.397,-4.03,9,1.292,0.664,-0.001,1
128,V_MTK_MFC1,Q52242002701,20221224,23D,1227199102,ZDT,0.002,0.001,0.001,2.506,0.423,-8.666,-0.91,-3.874,0,0,-2.716,1.474,-0.66,0.677,0.252,0.166,0.666,-0.043,0.046,-0.003,0,0.013,0.013,-0.032,0.836,-0.368,-0.074,0.084,-0.95,-0.001,-0.294,-1.743,-0.01,0.042,0.068,-0.002,0.003,-0.005,-0.24,0.602,0.386,-0.279,0.532,0.515,-0.904,-0.877,-0.18,0.168,2.09,-0.2,22.5,1.497,-0.001,0.002,-0.474,0.003,1.454,2.692,1.247,-0.217,-6.63,9,1.006,0.572,0.012,1
129,V_MTK_MFC1,Q52242002801,20221226,23D,1227199102,ZDT,0.002,0.003,0.006,-0.072,-0.627,-8.05,-0.236,-1.236,-0.002,0.001,-2.478,2.184,-0.1,-0.423,0.842,1.616,0.142,-0.059,0.016,-0.001,0.001,0.008,0.007,-0.029,1.01,0.572,-1.248,0.057,4.192,0.005,-0.49,3.781,-0.017,-0.148,0.068,-0.002,-0.001,-0.006,-0.14,0.638,0.93,-0.475,-0.708,2.8,-0.762,4.647,-0.181,1.228,-3.93,0.6,22.5,-0.605,0.007,0.003,-0.474,0.006,1.198,1.294,1.357,0.277,-5.89,9,1.18,0.316,-0.001,1
134,V_MTK_MFC1,Q52242003401,20221226,23D,1227199102,ZDT,0.002,-0.009,0,-0.942,-1.207,-11.418,-0.646,-3.136,-0.006,-0.002,-2.694,1.574,-0.98,-1.095,0.94,0.652,0.718,-0.071,0.026,-0.001,0.001,-0.007,0.003,-0.038,0.048,-1.55,-1.73,0.078,0.928,0.008,1.192,-0.393,0.001,1.056,0.068,-0.003,0.002,-0.006,-0.06,0.448,-0.016,1.207,-0.7,0.715,-3.554,0.473,-1.225,0.17,2.75,0.05,22.5,-0.121,0.004,-1.39E-17,-0.474,-0.001,-0.626,-1.112,-0.281,-0.563,-9.26,9,0.218,-1.508,0.01,1
132,V_MTK_MFC1,Q52242003201,20221229,23D,1227199102,ZDT,0.002,0.003,0.006,-0.448,2.711,-9.808,-0.206,-1.342,-0.002,0.001,-4.626,1.27,0.7,-0.655,1.302,2.166,1.904,-0.077,0.026,-0.001,0.002,0,0.003,-0.038,0.932,0.01,-0.548,0.059,-0.572,0.005,0.736,-2.788,0.011,0.68,0.068,-0.005,0.001,-0.006,-0.24,0.222,0.65,0.751,-0.893,-0.048,-2.904,-1.922,-1.13,2.358,-1.57,0.73,22.5,0.419,0.001,0.007,0.288,0.005,-1.214,2.31,0.677,-0.063,-7.87,9,1.102,-2.096,-0.003,1
135,V_MTK_MFC1,Q52242021701,20221229,23D,1227199102,ZDT,0.002,-0.007,0.001,-2.384,-3.129,-9.4,-1.79,-3.358,-0.002,-0.002,-3.494,-0.098,-0.76,-0.327,1.904,2.964,1.966,-0.069,0.006,-0.002,-0.001,0.005,0.004,-0.029,-1.01,-0.298,-2.114,0.058,-1.368,0.008,-0.148,-0.777,-0.016,0.904,0.068,-0.003,-0.001,-0.005,-0.26,0.14,0.976,-0.133,-0.222,0.812,-2.492,0.089,0.688,-0.118,1.71,0.18,22.5,2.247,-0.007,-1.39E-17,-0.474,0.001,-0.92,1.486,0.105,-0.677,-6.85,9,-0.84,-1.802,-0.027,1
